-- phpMyAdmin SQL Dump
-- version 5.2.1
-- https://www.phpmyadmin.net/
--
-- Host: 127.0.0.1
-- Generation Time: Dec 09, 2025 at 09:51 AM
-- Server version: 10.4.32-MariaDB
-- PHP Version: 8.2.12

SET SQL_MODE = "NO_AUTO_VALUE_ON_ZERO";
START TRANSACTION;
SET time_zone = "+00:00";


/*!40101 SET @OLD_CHARACTER_SET_CLIENT=@@CHARACTER_SET_CLIENT */;
/*!40101 SET @OLD_CHARACTER_SET_RESULTS=@@CHARACTER_SET_RESULTS */;
/*!40101 SET @OLD_COLLATION_CONNECTION=@@COLLATION_CONNECTION */;
/*!40101 SET NAMES utf8mb4 */;

--
-- Database: `ptc_sms_db_main`
--

-- --------------------------------------------------------

--
-- Table structure for table `announcements`
--

CREATE TABLE `announcements` (
  `announcement_id` int(11) NOT NULL,
  `title` varchar(255) NOT NULL,
  `content` text NOT NULL,
  `priority` varchar(50) DEFAULT 'Normal',
  `date_time` datetime NOT NULL,
  `visible_to` varchar(50) DEFAULT 'All',
  `created_at` datetime DEFAULT current_timestamp(),
  `updated_at` datetime DEFAULT current_timestamp() ON UPDATE current_timestamp()
) ENGINE=InnoDB DEFAULT CHARSET=utf8mb4 COLLATE=utf8mb4_general_ci;

--
-- Dumping data for table `announcements`
--

INSERT INTO `announcements` (`announcement_id`, `title`, `content`, `priority`, `date_time`, `visible_to`, `created_at`, `updated_at`) VALUES
(25, 'NEW YEAR', 'WOW', 'Normal', '2025-05-25 16:00:00', 'All', '2025-12-07 03:13:56', '2025-12-07 03:16:45'),
(26, 'BIRTHDAY', 'MINE', 'Normal', '2026-05-26 17:40:00', 'All', '2025-12-07 03:39:21', '2025-12-07 03:39:21'),
(27, 'just checking guya', 'hahahha', 'Normal', '2025-12-08 17:56:00', 'All', '2025-12-09 01:55:11', '2025-12-09 01:55:11'),
(28, 'www', 'sss', 'Normal', '2025-12-08 17:01:00', 'All', '2025-12-09 01:59:48', '2025-12-09 01:59:48'),
(29, 'rererfdfdf', 'dfdfd', 'Normal', '2025-12-08 18:15:00', 'All', '2025-12-09 02:14:44', '2025-12-09 02:14:44');

-- --------------------------------------------------------

--
-- Table structure for table `attendance`
--

CREATE TABLE `attendance` (
  `attendance_id` int(11) NOT NULL,
  `event_id` int(11) NOT NULL,
  `user_id` int(11) NOT NULL,
  `register_time` datetime DEFAULT current_timestamp()
) ENGINE=InnoDB DEFAULT CHARSET=utf8mb4 COLLATE=utf8mb4_general_ci;

--
-- Dumping data for table `attendance`
--

INSERT INTO `attendance` (`attendance_id`, `event_id`, `user_id`, `register_time`) VALUES
(3, 16, 23, '2025-12-08 13:41:05'),
(4, 18, 23, '2025-12-08 13:57:34'),
(5, 18, 38, '2025-12-08 14:04:52'),
(6, 16, 38, '2025-12-08 14:10:04'),
(7, 18, 39, '2025-12-08 14:20:56'),
(8, 19, 39, '2025-12-09 00:43:44'),
(9, 20, 39, '2025-12-09 01:26:08'),
(10, 16, 39, '2025-12-09 01:54:23');

-- --------------------------------------------------------

--
-- Table structure for table `events`
--

CREATE TABLE `events` (
  `event_id` int(11) NOT NULL,
  `title` varchar(255) NOT NULL,
  `description` text DEFAULT NULL,
  `event_date` datetime NOT NULL,
  `location` varchar(200) DEFAULT NULL,
  `organizer` varchar(100) DEFAULT NULL,
  `STATUS` varchar(255) DEFAULT NULL,
  `created_at` datetime DEFAULT current_timestamp(),
  `qr_image` text DEFAULT NULL,
  `max_capacity` int(11) DEFAULT 0
) ENGINE=InnoDB DEFAULT CHARSET=utf8mb4 COLLATE=utf8mb4_general_ci;

--
-- Dumping data for table `events`
--

INSERT INTO `events` (`event_id`, `title`, `description`, `event_date`, `location`, `organizer`, `STATUS`, `created_at`, `qr_image`, `max_capacity`) VALUES
(16, 'hijijmaNWWWWW', '', '2025-12-25 00:00:00', 'pasig', 'Admin', 'Active', '2025-12-05 16:19:45', 'iVBORw0KGgoAAAANSUhEUgAABAIAAAQCCAIAAAC5Qs3iAAAKqmlDQ1BJQ0MgUHJvZmlsZQAASImVlwdQU+kWgP97b3qhJURASuhNkE4AKSG00KWDjZAECCXEQECxK4sruBZURFBRdJGi4KoUsSOKbVEsgHVBFhVlXSzYUHkXGMLuvnnvzTszZ853zz3/+c/55/4z5wJAVeJJJGmwEgDp4ixpmK8nMyY2jol/BshAAxCBDqDw+JkSdmhoIEBlyv5dPnQBaNzesRjP9e/v/6soC4SZfACgUJQTBJn8dJRPoPqSL5FmAYDsQ/36OVmScW5DmS5FC0S5Z5yTJnlonBMmGAMmYiLCOCjTASBQeDxpEgAUJupnZvOT0DwUD5StxAKRGGUJym7p6RkClI+ibILGoD7KeH5Wwl/yJP0tZ4I8J4+XJOfJXiaE4CXKlKTxlv6fx/G/JT1NNrWHEaqUZKlfGGpV0DPrSc0IkLM4IThkikWCifgJTpb5RU4xP5MTN8UCnleAfG1acOAUJ4p8uPI8WdyIKRZmeodPsTQjTL5XopTDnmKedHpfWWqk3J8s5Mrz5yZHRE9xtigqeIozU8MDpmM4cr9UFiavXyj29Zze10fee3rmX/oVceVrs5Ij/OS986brF4rZ0zkzY+S1CYRe3tMxkfJ4SZanfC9JWqg8XpjmK/dnZofL12ahH+T02lD5Gabw/EOnGHBABkhDVQqYIBB98gIgS7gka7wRToZkqVSUlJzFZKM3TMjkivmWs5g2VjY2AIzf18nP4R1j4h5CjGvTPnENAE4oIznTPh56HqdI6NU7Mu0zegIAuQuAswS+TJo96Zu4S1hAAoqADtSBNtAHJsAC2AAH4AI8gDfwByEgAsSChYAPkkE6WnkOWA7WgHxQCLaAHaAUlIMDoAocAcdAEzgNLoDL4Dq4Be6Bh6AXDIBXYBh8AKMQBOEhKkSD1CEdyBAyh2wgFuQGeUOBUBgUC8VDSZAYkkHLoXVQIVQElUL7oWroF+gkdAG6CnVC96E+aBB6C32BEZgC02Et2AieDbNgNhwAR8AL4CR4MZwL58Gb4BK4Aj4MN8IX4OvwPbgXfgWPIAAhIwxEF7FAWAgHCUHikEREiqxECpBipAKpQ1qQduQO0osMIZ8xOAwNw8RYYFwwfphIDB+zGLMSsxFTiqnCNGLaMHcwfZhhzHcsFauJNcc6Y7nYGGwSNgebjy3GVmIbsJew97AD2A84HI6BM8Y54vxwsbgU3DLcRtweXD3uPK4T148bwePx6nhzvCs+BM/DZ+Hz8bvwh/Hn8LfxA/hPBDJBh2BD8CHEEcSEtYRiQg3hLOE24TlhlKhENCQ6E0OIAuJS4mbiQWIL8SZxgDhKUiYZk1xJEaQU0hpSCamOdIn0iPSOTCbrkZ3Ic8ki8mpyCfko+Qq5j/yZokIxo3Ao8ykyyibKIcp5yn3KOyqVakT1oMZRs6ibqNXUi9Qn1E8KNAVLBa6CQGGVQplCo8JthdeKREVDRbbiQsVcxWLF44o3FYeUiEpGShwlntJKpTKlk0rdSiPKNGVr5RDldOWNyjXKV5VfqOBVjFS8VQQqeSoHVC6q9NMQmj6NQ+PT1tEO0i7RBug4ujGdS0+hF9KP0Dvow6oqqnaqUapLVMtUz6j2MhCGEYPLSGNsZhxjdDG+zNCawZ4hnLFhRt2M2zM+qs1U81ATqhWo1avdU/uizlT3Vk9V36repP5YA6NhpjFXI0djr8YljaGZ9JkuM/kzC2Yem/lAE9Y00wzTXKZ5QPOG5oiWtpavlkRrl9ZFrSFthraHdor2du2z2oM6NB03HZHOdp1zOi+Zqkw2M41ZwmxjDutq6vrpynT363bojuoZ60XqrdWr13usT9Jn6Sfqb9dv1R820DEIMlhuUGvwwJBoyDJMNtxp2G740cjYKNpovVGT0QtjNWOuca5xrfEjE6qJu8likwqTu6Y4U5Zpquke01tmsJm9WbJZmdlNc9jcwVxkvse8cxZ2ltMs8ayKWd0WFAu2RbZFrUWfJcMy0HKtZZPl69kGs+Nmb53dPvu7lb1VmtVBq4fWKtb+1mutW6zf2pjZ8G3KbO7aUm19bFfZNtu+sTO3E9rtteuxp9kH2a+3b7X/5uDoIHWocxh0NHCMd9zt2M2is0JZG1lXnLBOnk6rnE47fXZ2cM5yPub8p4uFS6pLjcuLOcZzhHMOzul31XPlue537XVjusW77XPrddd157lXuD/10PcQeFR6PGebslPYh9mvPa08pZ4Nnh85zpwVnPNeiJevV4FXh7eKd6R3qfcTHz2fJJ9an2Ffe99lvuf9sH4Bflv9urlaXD63mjvs7+i/wr8tgBIQHlAa8DTQLFAa2BIEB/kHbQt6FGwYLA5uCgEh3JBtIY9DjUMXh56ai5sbOrds7rMw67DlYe3htPBF4TXhHyI8IzZHPIw0iZRFtkYpRs2Pqo76GO0VXRTdGzM7ZkXM9ViNWFFscxw+LiquMm5knve8HfMG5tvPz5/ftcB4wZIFVxdqLExbeGaR4iLeouPx2Pjo+Jr4r7wQXgVvJIGbsDthmM/h7+S/EngItgsGha7CIuHzRNfEosQXSa5J25IGk92Ti5OHRBxRqehNil9KecrH1JDUQ6ljadFp9emE9Pj0k2IVcaq4LUM7Y0lGp8Rcki/pXey8eMfiYWmAtDITylyQ2ZxFRwejGzIT2Q+yvmy37LLsTzlROceXKC8RL7mx1GzphqXPc31yf16GWcZf1rpcd/ma5X0r2Cv2r4RWJqxsXaW/Km/VwGrf1VVrSGtS1/y61mpt0dr366LXteRp5a3O6//B94fafIV8aX73epf15T9ifhT92LHBdsOuDd8LBAXXCq0Kiwu/buRvvPaT9U8lP41tStzUsdlh894tuC3iLV1b3bdWFSkX5Rb1bwva1ridub1g+/sdi3ZcLbYrLt9J2inb2VsSWNK8y2DXll1fS5NL75V5ltXv1ty9YffHPYI9t/d67K0r1yovLP+yT7SvZ7/v/sYKo4riA7gD2QeeHYw62P4z6+fqSo3Kwspvh8SHeqvCqtqqHaurazRrNtfCtbLawcPzD9864nWkuc6ibn89o77wKDgqO/ryl/hfuo4FHGs9zjped8LwxO4GWkNBI9S4tHG4Kbmptzm2ufOk/8nWFpeWhlOWpw6d1j1ddkb1zOazpLN5Z8fO5Z4bOS85P3Qh6UJ/66LWhxdjLt5tm9vWcSng0pXLPpcvtrPbz11xvXL6qvPVk9dY15quO1xvvGF/o+FX+18bOhw6Gm863my+5XSrpXNO59nb7rcv3PG6c/ku9+71e8H3Orsiu3q653f39gh6XtxPu//mQfaD0YerH2EfFTxWelz8RPNJxW+mv9X3OvSe6fPqu/E0/OnDfn7/q98zf/86kPeM+qz4uc7z6hc2L04P+gzeejnv5cAryavRofw/lP/Y/drk9Yk/Pf68MRwzPPBG+mbs7cZ36u8Ovbd73zoSOvLkQ/qH0Y8Fn9Q/VX1mfW7/Ev3l+WjOV/zXkm+m31q+B3x/NJY+NibhSXkTowCCKpyYCMDbQwBQYwGg3QKANG9ynp4QaPIfYILAf+LJmXtCHAA44AFAJKpBqO47D4DxanScRV+Nj0QRHgC2tZXr1Ow7MaePCw79Y9k3PvuBrso1j8A/ZHKG/0vd/7RgPKsd+Kf9FyN3AxybJQC/AAAAOGVYSWZNTQAqAAAACAABh2kABAAAAAEAAAAaAAAAAAACoAIABAAAAAEAAAQCoAMABAAAAAEAAAQCAAAAAF7pC4AAAEAASURBVHgB7d3teuM2zy7Qel9z/qfsPU/ftpl82JYsEgSI1T+dxBYJLCgft2U7t/v9/pf/CBAgQIAAAQIECBDoJPD/OjWrVwIECBAgQIAAAQIE/icgBjgPCBAgQIAAAQIECLQTEAPajVzDBAgQIECAAIE9BTzV/cxcxYAzWu5LgAABAgQIECCQVuCWtrKMhYkBGaeiJgIECBAgQIAAAQJTBcSAqbwWJ0CAAAECBAgQIJBRQAzIOBU1ESBAgAABAgQIEJgqIAZM5bU4AQIECBAgsKWA16JuOdZeTYkBveatWwIECBAgQGCEgNeijlC0xlIBMWApv80JECBAgAABAgQIrBAQA1ao25MAAQIECBAgQIDAUgExYCm/zQkQIECAAAECbQS8oiLVqMWAVONQDAECBAgQIEBgWwGvqEg1WjEg1TgUQ4AAAQIECBAgQCBCQAyIULYHAQIECDQQ8HyHBkPWIoGNBMSAjYapFQIECBBYKeD5Div17U2AwFkBMeCsmPsTIECAAAECBAgQKC8gBpQfoQYIECBAgAABAgQInBUQA86KuT8BAgQIECBAgACB8gJiQPkRaoAAAQIECBAgQIDAWQEx4KyY+xMgQIAAAQIECBAoLyAGlB+hBggQIECAAAECBAicFRADzoq5PwECBAgQIECAAIHyAmJA+RFqgAABAgQIECBAgMBZATHgrJj7EyBAgAABAgQIECgvIAaUH6EGCBAgQIAAAQIECJwVEAPOirk/AQIECBAgQIAAgfICYkD5Eb7bwP3dAx1HgAABAgQIECBQXkAMKD/Cdxu4vXug4wgQIECAAAECBMoLiAHlR6gBAgQIfBdwve+7ic8QIECAwJ8CYsCfGv5NgACBTQRc79tkkNogQIDANAExYBqthQkQIECAAAECBAhkFRADsk5GXQQIECBAgAABAgSmCYgB02gtTIAAAQIECBAgQCCrgBiwZjJevbfG3a4ECBAgQIAAAQJ/C4gBa04Er95b425XAgQIECBAgACBvwXEACcCAQIECBAgQIAAgXYCv+I7vt08FB6vbscaAvd79PPFfD3WODNeVRl/5ryqaPzt8edqvKoex583ViRQRyD+e46rAXXODpUSIECAAAECBAgQGCQgBgyCtAwBAgQIECBAgACBOgJiQJ1ZqZQAAQIECBAgQIDAIAExYBCkZQgQIECAAAECBAjUERAD6sxKpQQIECBAgAABAgQGCYTHgOj3QRnkZBkCBAgQIECAAAECGwmExwBvFrrR2aMVAgQIECBAgACBogLhMaCok7IJECBAgAABAgQIbCQgBmw0TK0QIECAAAECBAgQOCYgBhxzci8CBAgQIECAAAECGwmIARsNUysECBAgQIAAAQIEjgmIAcec3IsAAQIECBAgQIDARgJiwEbD1AoBAgQIECBAgACBYwJiwDEn9yJAgAABAgQIECCwkYAYsNEwtUKAAAECBAgQIEDgmIAYcMzJvQgQIECAAAECBAhsJCAGbDRMrRAgQIAAAQIECBA4JiAGHHNyLwIECBAgQIAAAQIbCYgBGw1TKwQIECBAgAABAgSOCYgBx5zciwABAgQIlBe4le9AAwQIjBMQA8ZZWokAAQIECKQWuKeuTnEECMQKiAGx3nYjQIAAAQIECBAg8K7AwDQvBrw7BMcRIECAAAECBAgQiBUY+Nw+MSB2dHYjQIAAAQIECBAgkEBADEgwBCUQIECAAAECBAgQiBUQA2K97UaAAAECBAgQIEAggcD5GDDwhQkJ+lcCAQIECBAgQIAAgYYC52PAwBcmNPTWMoFnAr66num4jQABAgQIEBgocD4GDNzcUgQIfBJwre0Thw8IECBAgMAzAY+ePdN5fZsY8NrIPQgQIECAAAECBNIJePTs2kjEgGt+jiZAgAABAgQIECBQUEAMKDg0JV8QcP3wAp5DCRAgQIAAgX0ExIB9ZqmTIwKuHx5Rch8CBAgQIEBgewExYPsRa5AAAQIECBAgQIDAVwEx4KuIjwkQIECAAAECBAhsLyAGbD9iDRIgQIAAAQIECBD4KiAGfBXxMQECBAgQIECAAIHtBX5t3+HvBu93rwvtMOfxPd5u+7+xkK+O8efNX3/FnznxO8afOfE7zjg3rBkv4MyJN99jx6/fV3//RrDdr5OuBuxxruqCAAECBAgQIEBgmsB2GeC3lBgw7XSxMAECBAgQIECAAIGsAmJA1smoiwABAgQIECBAgMA0ATFgGq2FCRAgQIAAAQIECGQV6BEDdnw6V9YzSl0ECBAgQCCTgN8BMk1DLakEesSA/d/uJdVJpRgCBAgQIJBGwO8AaUahkGwCPWJANnX1ECBAgAABAgQIEFgqIAYs5bc5AQIECBAgQIAAgRUCYsAKdXsSIECAAAECBAgQWCogBizltzkBAgQIECBAYJqAF0hPo91hYTFghynqgQABAgQIECDwXcALpL+b+Mx/AmLAfxT+QYAAAQIECBAgQKCLgBjQZdL6JECAAAECBGIFPCUn1ttuJwXEgJNg7k6AAAECBAgQOCTgKTmHmNxplYAYsErevgQIECBAgAABAgSWCYgBy+htTIAAAQIECBAgQGCVgBiwSt6+BAgQIECAAAECBJYJiAHL6G1MgAABAgQIENhEwMuhCw5SDCg4NCUTIECAAAECBFIJeDl0qnEcK0YMOObkXgQIECBAgAABAgQ2EhADNhqmVggQIECAAAECBAgcExADjjm5FwECBAgQIECAAIGNBMSAjYapFQIECBAgQIAAAQLHBMSAY07uRYAAAQIECBAgQGAjATFgo2FqhQABAgQIECBAgMAxATHgmJN7ESBAgAABAgQIENhIQAzYaJhaIUCAAAECBAgQIHBMQAw45uReBAhkFfCXK7NORl0ECBAgkFpADEg9HsURIPBSwF+ufEnkDgR+C/hKcRoQIPBFQAz4AuJDAgQIECCwoYDrZhsOVUsErgmIAdf8HE2AAAECBAgQIECgoIAYUHBoSiZAgAABAgQIECBwTUAMuObnaAIECBAgQIAAAQIFBcSAgkNTMgECBAgQIECAAIFrAmLANT9HE4gX8EK/eHM7EiBAgACB7QTEgO1GqqHtBbzt3/Yj1iABAgQIEJgvIAbMN7YDAQIECBAgQIBAaYEdH4P7VXoiaYu/3XY8WVZz3++eDbN6BiP2j//q6HDmxPfYYY7xPY74CrPGegFnzowZxH+X+9rFjr+DuBrwdco+JkCAQG+BHX/W9Z6o7gkQIPCjgBjwI4tPEiBAoK2Ai5ltR69xAgR6CYgBveatWwIECBAgQIAAAQK/BcQApwEBAgQIECBAgACBdgJiQLuRa5gAAQIECBAgQICAGOAcIECAAAECBAgQINBOQAxoN3INEyBAgAABAgQIEBADnAMECBAgQIAAAQIE2glExQDvQ93u1NIwAQIECBAgQIBAXoGoGOB9qPOeAyojQIAAAQIECBBoJxAVA9rBapgAAQIECBAgQIBAXgExIO9sVEaAAAECBAgQIEBgkoAYMAnWsgQIECBAgAABAgTyCogBeWejMgIECBAgQGB/Aa+f3H/GSTsUA5IORlkECBAgQIBACwHvpthizBmbFAMyTkVNBAgQIECAAAECBKYKiAFTeS1OgAABAgQIECBAIKOAGJBxKmoiQIAAgaUCnqWxlN/mBAiECIgBIcw2IUCAAIFKAl6zWWlaaiVA4D0BMeA9N0cRIECAAAECBAgQKCwgBhQentIJECBAgAABAgQIvCcgBrzn5igCBAgQIECAAAEChQXEgMLDUzoBAgQIECBAgACB9wTEgPfcHEWAAAECBAgQIECgsMDfMcAboxWe4NnSvf3FWTH3J0CAAAECBAhsKPB3DPCb4YaTfdSSzPdIxucJECBAgAABAo0EPCmo0bC1SoAAAQIECBAgQOD/BMQAZwIBAgQIECBAgACBdgJiQLuRa5gAAQIECBAgQICAGOAcIECAAAECBAgQINBOQAxoN3INEyBAgAABAgQIEBADnAMECBAgQIAAAQIE2gmIAe1GrmECBAgQIECAAAECYoBzgAABAgQIECBAgEA7ATGg3cg1TIAAgV0E/D3EXSapDwIEVgiIASvU7UmAAAECAwRuA9awBAECBLoKiAFdJ6/v0wJ+4ThN5gACBAgQIEAgrcCvtJUpjEAyAU8/GDOQ+z1a8nYT4cbMrtsqztVuE9cvgW4CrgZ0m7h+CRAgQIAAAQITBTz0MhF36NJiwFBOixEgQIAAAQIEegtEX/PtrX2lezHgip5jCRAgQIAAAQIECJQUEANKjk3RBAgQ+FHAg3A/svgkAQIECHwXEAO+m/gMAQIEqgp4Sm7VyambAAEC4QJiQDi5DQkQIECAAAECBAisFhADVk/A/gQIECBAgAABAgTCBcSAcHIbEiBAgAABAgQIEFgtIAasnoD9CRAgQIAAAQIECIQLiAHh5DYkQIAAAQIECBAgsFpADFg9AfsTIECAAAECBAgQCBcQA8LJbUiAAAECBAgQIEBgtYAYsHoC9idAgAABAjkE/Pm5HHNQBYEgATEgCNo2BAgQIEAguYA/P5d8QMojMFZADBjraTUCBAgQIECAAAECBQTEgAJDUiIBAgQIECBAgACBsQJiwFhPqxEgQIAAAQIECBAoICAGFBiSEgkQIECAAAECBAiMFRADxnpajQABAgQIECBAgEABATGgwJCUSIAAAQIECBAgQGCsgBgw1tNqBAgQIECAAAECBAoIiAEFhqREAgQIECBAgAABAmMFxICxnlYjQIAAAQIECBAgUEBADCgwJCUSIECAAAECBAj8LXDnMEpADBglaR0CBAgQIECAAIHZArfZG/RZXwzoM2udEiBAgAABAgQIEPhHQAxwKhAgQIBAUQHPDSg6OGUTIJBCQAxIMQZFECBAgMB5Ac8NOG/mCAIECPwrIAb8K+H/BAgQIECAAAECBNoIiAFtRq1RAgQIECBAgAABAv8KiAH/Svg/AQIECBD4KuDlB19FfEyAwDYCYsA2o9QIAQIECAwX8PKD4aQWJEAgi4AYkGUS6iBAgAABAgQIECAQJiAGhFHbiAABAgQIECBAgEAWATEgyyTUQYAAAQIECBAgQCBM4HAM8CqpsJnYiAABAgQIECBAgMBkgcMxwKukJk/C8gQIECBAgAABAgTCBH6F7WQjAgQIEJgkcLtFP1Rzv0dfI+7Q46TTw7LvCPw+waO/qt4p0zEErggcvhpwZRPHEiBAgAABAgQKCcgAhYal1HcFxIB35RxHgAABAgQIECBAoKyAGFB2dAonQIAAAQIECBAg8K6AGPCunOMIECBAgAABAgQIlBUQA8qOTuEECBAgQIAAAQIE3hUQA96VcxwBAgQIECBAgACBsgJiQNnRKZwAAQIECBAgUErAOzClGpcYkGociiFAgAABAgQIbCsQ/QdHtoUc05gYMMbRKgQIECBAgAABAgQKCYgBhYalVAIECBAgQIAAAQJjBMSAMY5WIUCAAAECBAgQIFBIQAwoNCylEiBAgAABAgQIEBgjIAaMcbQKAQIECBAgQIAAgUICYkChYSmVAAECBAgQIECAwBgBMWCMo1UIECBAgAABAgQIFBIQAwoNS6kECBAgQIAAAQIExgiIAWMcrUKAAAECBAgQIECgkIAYUGhYSiVAgAABAgQIECAwRkAMGONoFQIECBAgQIAAAQKFBMSAQsNSKgECBAgQIECAAIExAmLAGEerEMglcM9VjmoIECBAgACBbAJiQLaJqIfACIHbiEWsQYAAAQIECOwrIAbsO1udESBAIIWAi1MpxqAIAgQIfBEQA76A+JAAAQIExgq4ODXW02oECBAYIyAGjHG0CgECBAgQeCbgosgzHbcRILBAQAxYgG5LAgQIEGgn4KJIu5FrmEB2ATEg+4TUR4AAAQIECBAgQGC4gBgwnNSCBAgQIECAAAECBLILiAHZJ6Q+AgQIECBAgAABAsMFxIDhpBYkQIAAAQIECBAgkF1ADMg+IfURIECAAAECBAgQGC4gBgwntSABAgQIECBAgACB7AJiQPYJqY8AAQIECBAgQIDAcAExYDjppAW94/QkWMsSIECAAAECBDoKiAFVpu7vT1aZlDoJECBAgAABAgUExIACQ1JioIC4FYhtKwIECBAgQGCdgBiwzt7OGQU8+SrjVNREgAABAgQIDBf4NXxFC/4WuN89qOxEIPCzwO0WnbXivx71+PPsr302fo7X6n3n6A49vuNS7RhzrDaxvvW6GtB39jonQIAAAQIECBBoKyAGtB29xgkQIECAAAECBPoKiAF9Z69zAgQIECBAgACBtgJiQNvRa5wAAQIECBAgQKCvgBjQd/Y6J0CAAAECBAgQaCsgBrQdvcYJECBAgAABAuUEvBnjsJGJAcMoLUSAAAECBAgQIDBZIPpdpye3s3J5MWClvr0JECBAgAABAgQILBEQA5aw25QAAQIECBAgQIDASgExYKW+vQkQIECAAAECBAgsERADlrDblAABAgQIECBAgMBKATFgpb69CRAgQIAAAQIECCwREAOWsNuUAAECBAgQIECAwEoBMWClvr0JECBAgAABAgQILBEQA5aw25QAAQIECBAgQIDASgExYKW+vQkQIECAAAECBAgsERADlrDblAABAgQIECBAgMBKga1igL8uvfJUsjcBAgQIECBAgEAdga1iwL2Ou0oJECBAgAABAgQILBTYKgYsdLQ1AQLfBATzbyQ+QYAAAQIE0giIAWlGoRACuwl4mt5uE9UPAQIECOwkIAbsNE29ECBAgAABAgQIEDgkIAYcYnInAgQIECBAgAABAjsJiAE7TVMvBAgQIECAAAECBA4JiAGHmNyJAAECBAgQIECAwE4CYsBO09QLAQIECBAgQIAAgUMCYsAhJnciQIAAAQIECBAgsJOAGLDTNPVCgAABAgQIECBA4JCAGHCIyZ0IECBAgAABAgQI7CQgBuw0zaBe/G3YIGjbECBAgAABAgSmCYgB02j3Xdjfht13tjojQIAAAQIEugiIAV0mrU8CBAgQIECAAAEC/wmIAf9R+AcBAgQIECBAgACBLgJiQJdJ65MAAQIECNQW8JzU2vNTfToBMSDdSBREgAABAgQI/CDgHSp+QPEpAu8LiAHv2zmSAAECBAgQIECAQFEBMaDo4JRNgAABAgQIECBA4H2BX+8fWufI283TCetMS6WxAvFfHfd79HV9Pc44p8xxhmqHc3WG2/M141Wf1+NWAnkEXA3IMwuVECBAgAABAgQIEAgSEAOCoG1DgAABAgQIECBAII+AGJBnFiohQIAAAQIECBAgECQgBgRB24YAAQIECBAgQIBAHoGHMSD6RXx5SFRCgAABAgQIECBAYHeBhzHAe+vsPnr9ESBAgAABAgQI9BV4GAP6kuicAAECuQVcrc09H9URIECghkDhGOB6RY1TTJUECIwW8N1vtKj1CBAg0FGgcAzweFjHE9avPx2nrmcCBAgQIEBgvEDhGDAew4r5BYS//DNSIQECBAgQIFBBQAyoMCU1EiBAgAABAgQIEBgqIAYM5bQYAQIECBAgQIAAgQoCYkCFKamRAAECBAgQIECAwFABMWAop8UIECBAgEBzAS/ian4CaL+OgBhQZ1YqJUCAAAEC+QW8pVv+Gakwq0BwiBYDsp4I6iJAgAABAgQIEOgkEByixYBOJ5deCRAgQIAAAQIECPwtIAY4EQgQIECAAAECBAhMEAh+eP9kB2LASTB3J0BgtEDwUyFHl2+9vAK5f/7mdVMZAQLDBHL/hBMDhg3aQgQIvCfgd7X33Bz1UiD3z9+X5bsDAQIE5gqIAXN9rU6AAAECBAgQIEAgoYAYkHAoSiJAgAABAgQIECAwV0AMmOtrdQIECBAgQIAAAQIJBcSAhENREgECBAgQIECAAIG5AmLAXF+rEyBAgAABAgQIEEgoIAYsHor3SFk8ANsTIEAgVMDbF4Vy24wAgScCYsATnIib/ECIULYHAQIEsgh48CfLJNRBgIAY4BwgQIAAAQIECBAg0E5ADGg3cg0TIECAAAECBAgQEAOcAwQIECBAgAABAgTaCYgB7UauYQIECBAgQIAAAQJigHOAAAECBAgQIECAQDsBMaDdyDVMgAABAgQIECBAQAxwDhAgQIAAAQKFBLzpaqFhKTW1gBiQejyKI0BgroBfJ+b6Wp3ADAF/cWeGqjU7CogBHaeuZwIE/hHw68T4U4HpeFMrEiBAYIaAGDBD1ZoECBBoK/DiCouU0PbM0DgBAtkEfsUXdL/7KRCvbkcCWQRutxe/Jg4v1Pec4aS/FzTHGaod1vT12GHKeqwi4GpAlUmpkwABAgQIECBAoKHArAfQxYCGJ5OWCRAgQIAAAQIEqgjMuoouBlQ5A9RJgAABAgQIEHhDYNZjyW+U4pBUAmJAqnEohgABAgQIECAwVmDWY8ljq7RavIAYEG9uRwIECBAgQIAAAQKLBcSAxQOwPQECBAgQIECAAIF4ATEg3tyOBAgQIECAAAECBBYLiAGLB2B7AgQIECBAgAABAvECYkC8uR0JECBAgAABAgQILBYQAxYPwPYECBAgQIAAAQIE4gXEgHhzOxIgQIAAAQIECBBYLBAVA/zlisWDtj0BAgQIECBAgACBD4GoGOAvV3yY+xcBAgQIECBAgACBxQJRMWBxm7YnQIAAAQIECBAgQOBDQAz4sPAvAgQIECBAgAABAk0ExIAmg9YmAQIECBAgQIAAgQ8BMeDDwr8IECBAgEAmAa+ryzQNtRDYTkAM2G6kGiJAgMAxAb9jHnNaeC/vsrcQ39YE9hcQA/afsQ4JECDwo4DfMX9k8UkCBAg0ERADmgxamwQIECBAgAABAgQ+BMSADwv/IkCAAAECBAgQINBEQAxoMmhtEiBAgAABAgQIEPgQEAM+LPyLAAECBAgQIECAQBMBMaDJoLVJgAABAgQIECBA4ENADPiw8C8CBAgQIECAAAECTQTEgCaD1iYBAgQIECBAgACBDwEx4MPCvwgQIECAAAECBAg0ERADmgxamwQIECBAgAABAgQ+BMSADwv/IkCAAAECBAgQINBEQAxoMmhtthO4t+tYwwQIECBAgMAJATHgBJa7EigkcCtUq1IJECBAgACBcAExIJzchgQIECBAgAABAgRWC4gBqydgfwIECBAgQIAAAQLhAmJAOLkNCRAgQIAAAQIECKwWEANWT8D+BAgQ+C7gJd7fTXyGAAECBIYKiAFDOS1GgACBIQJe4j2E0SIECBAg8FhADHhs4xYCBAgQIECAAAECmwr8iu/rdtv/Ya77PfqKPtUZZ3K8avyZE79jvOqMc8OaHc6c+B47nFfx3wHMscN5NaPHDueqqwEzzhxrEiBAgAABAgQIEEgtIAakHo/iCBAgQIAAAQIECMwQOBEDop/mMqNdaxIgQIAAAQIECBAg8NdfJ2LA/s/od0IQIECAAAECBAgQ6CFwIgb0ANHlVAFZciqvxQkQIECAAAECRwXEgKNS7jdCwDPLRij+swbMgZiWIkCAAAEC7QTEgHYj1/AuAi6t7DJJfRAgQIAAgRUCYsAKdXsSIECAAAECBAgQWCogBizltzkBAgQIECBAgACBFQJiwAp1exIgQIAAAQIECBBYKiAGLOW3OQECBAgQILC/gDd12H/GFTsUAypOTc0ECBAgQIBAIQFv6lBoWI1KFQMaDVurBAgQIECAAAECBP5PQAxwJhAgQIAAAQIECBBoJyAGtBu5hgkQIECAAAECBAiIAc4BAgQIECBAgAABAu0ExIB2I9cwAQIECBAgQIAAATHAOUCAAAECBAgQIECgnYAY0G7kGiZAgAABAgQIECAgBjgHCBAgQIAAAQIECLQTEAPajVzDBAgQIECAAAECBMQA5wABAgQIECBAgACBdgJiQLuRa5gAAQIECBAgQICAGOAcIECAAAECBAgQINBOQAxoN/LRDd9GL2g9AjsJ3HdqRi8ECBAgUFvg8w8lMaD2NBNU//mEulKQQHFFz7FJBZzWSQejLAIECHQU+PxDSQzoeA4k7XlcoEjaoLIIECBAgAABAmkExIA0o1AIAQIECDQS8MhHo2FrlUBOATEg51xURYAAAQJ7C3y+Nr93r7ojQCClgBiQciyKIkAgt4AHcnPPR3UECBAg8FpADHht5B4ECBD4IuCB3C8gPiRAgACBcgJiQLmRKZgAAQIECBAgQIDAVQEx4Kqg4wkQIECAAAECBAiUExADyo1MwQQIECBAgAABAgSuCogBVwUdT4AAAQIECBAgQKCcgBhQbmQKJkCAAAECBAgQIHBVQAy4Kuh4AgQIECBAgAABAuUEbve7978uN7UUBd9u+79loq+OFKfa5SLiz9UOZ0686uUTocACHc6c+DE4V+PN99ixw9ejqwF7nKu6IECAAAECBAgQIHBCQAw4geWuBAgQIECAAAECBPYQEAP2mKMuCBAgQIAAAQIECJwQEANOYLkrAQIECBAgQIAAgT0ExIA95qgLAgQIECBAgAABAicExIATWO5KgAABAgQIECBAYA8BMWCPOeqCAAECBAgcEPAm4QeQ3IVAEwExoMmgtUmAAAECBP76a/+/+GLKBAgcFRADjkq5HwECBAgQIECAAIFtBMSAbUapEQIECBAgQIAAAQJHBcSAo1LuR4AAAQIECBAgQGAbATFgm1FqhAABAgQIECBAgMBRATHgqJT7ESBAgAABAgQIENhGQAzYZpQa6Sjgrf86Tl3PBAgQIEBghIAYMELRGgQWCXjrv0XwtiVAgAABAuUFxIDyI9QAAQIECBAgQIAAgbMCYsBZMfcnQIAAAQIECBAgUF5ADCg/Qg0QIECAAAECBAgQOCsgBpwVc38CBAgQIECgo4CXY3Wc+tY9iwFbj1dzBAgQIECAwCABb842CNIyWQTEgCyTUAcBAgQIECBAgACBMAExIIzaRgQIECBAgAABAgSyCIgBWSahDgIECBAgQIAAAQJhAmJAGLWNCBAgQIAAAQIECGQREAOyTEIdBAgQIECAAAECBMIExIAwahsRIECAAAECBAgQyCIgBmSZhDoIECBAgAABAscE/A2DY07u9VRADHjK40YCBAgQIECAQDoBf8Mg3UgqFiQGVJyamgkQIECAAAECBAhcEhADLvE5mAABAgQIECBAgEBFATGg4tTUTIAAAQIECBAgsJtA8JO9xIDdTiD9ECBAgAABAgQIVBQIfum3GFDxJFEzAQIECBAgQIAAgUsCYsAlPgcTIECAAAECBAgQqCggBlScmpoJECBAoKtA8HOHuzLrm0AHATGgw5T1SIAAAQK7CAQ/d3gXNn0QIPBdQAz4buIzBAgQIECAAAECBDYXuN3v0dcXbzcPZexwVjlzdphijx7iz9V41w7fV+PnSHXGmRyv6syZMcd41RldPF+zw7nqasDzc8CtBAgQIECAAAECBDYUEAM2HKqWCBAgQIAAAQIECDwXEAOe+7iVAAECPwhEP5nyhxJ8igABAgQIXBIQAy7xOZgAgZ4CXuHUc+66JjBXwHeWub5W/yogBnwV8TEBAgQIECBAYIGA64wL0FtvKQa0Hr/mCRAgQIAAAQIEegqIAT3nrmsCBAgQIECAAIHWAmJA6/FrngABAgQIECBAoKeAGNBz7romQIAAAQIECBBoLSAGtB6/5gkQIECAAAECBHoKiAE9565rAgQIHBDw9oUHkNyFAAECRQXEgKKDUzYBAgTmC3j7wvnGdiBAgMAqATFglbx9Zwt4GHO2sPUJECBAgACBwgJiQOHhKf2pgIcxn/K4kQABAgQIEOgtIAb0nr/uCRAgQIAAAQIEWgqIAS3HrmkCBAgQILCFgCeAbjFGTawREAPWuNuVAAECBAgQuC7gCaDXDa3QVkAMaDv6po173Kjp4LVNgAABAgQIfBYQAz57+Gh3AY8b7T5h/REgQIAAAQKHBMSAQ0zuRIAAAQIECBAgQGAnATFgp2nqhQABAgQIECBAgMAhATHgEJM7ESBAgAABAgQIENhJYGoM8DTsnU4VvRwV8Crko1LuR4AAAQIECKwTmBoD/Dq0brB2Xicg/q6ztzMBAgQIECBwVGBqDDhahPsRIECAAAECBAgQIBApIAZEatuLAAECBAgQIECAQAoBMSDFGBRBgAABAgQIECBA4H2B809KFgPe13YkAQIECBAgQIDA/wTO/w7KbbDA+dfkigGDR2A5AgQIECBAgEA7gfO/g7YjytewGJBvJioiQIAAAQIECBAgMFlADJgMbHkCBAgQIECAAAEC+QTEgHwzUREBAgQIECBAgACByQJiwBlgz3s7o+W+BAgQIECAAAECaQXEgDOj8Sr4M1ruS4AAAQIECIQLeMwynLzshmJA2dEpnAABAgQIECDwVcBjll9FfPxIQAx4JOPzBAg0FPDjs+HQtUyAAIGmAmJA08FrmwCBnwRcTP9JxecIECBAYEeB2/3u0a8dB6unmgK32/6/hvqeU/PcXF+1r471MxhRgTmOUPy6RgfVrz3v+HH8z0dXA3Y8j/REgAABAgQIECBA4KmAGPCUx40ECBAgQIAAAQIEdhQQA3acqp4IECBAgAABAgQIPBUQA57yuJEAAQIECBAgQIDAjgJiwI5T1RMBAgQIECBAgACBpwJiwFMeNxIgQIAAAQIECBDYUUAM2HGqeiJAgAABAgQIECDwVEAMeMrjRgIECBAgQIAAAQI7CogBO05VTwQIECBAgAABAgSeCogBT3ncSIAAAQIECBAgQGBHATFgx6nqiQABAjsL3HZuTm8ECBCIEhADoqTtQ4AAAQJjBO5jlrEKAQIEeguIAb3nr3sCBAgQIEAgQEB6DUC2xUkBMeAkmLsTIECAAAECBM4KeC7bWbHO948KjWJA57NM7wQIECBAgAABAskEokKjGJBs8MohQIAAAQIECBAgMF9ADJhvbIf9BaKu3u0vqUMCBAgQIEAgSEAMCIK2zdYCUVfvtkbUHAECBAgQIBApIAZEatuLAAECBAgQIECAQAoBMSDFGBRBgAABAqcEXIM7xeXOBAgQ+C4gBnw38RkCBAgQyC7gFTnZJ6Q+AgTSC4gB6UekQAIECBAgQIAAAQKjBcSA0aLWI0CAAAECBAgQIJBeQAxIPyIFEiBAgAABAgQIEBgtIAaMFrUeAQIECBAgQIAAgfQCYkD6ESmQAAECBAgQIECAwGgBMWC0qPUIECBAgAABAgQIpBcQA9KPSIEECBAgQIAAAQIERguIAaNFrUeAAAECBAgQIEAgvYAYkH5ECiRAgAABAgQIECAwWkAMGC1qPQIECBAgQIAAAQLpBcSA9CNSIAECBAgQIECAAIHRAmLAaFHrESBAgAABAgQIEEgvIAakH5ECCRAgQIAAAQIECIwWEANGi1qPAAECBAgQIECAQHoBMSD9iBRIgAABAgQIECBAYLSAGDBa1HoECBAgQIAAAQIE0gvc7vd7cJG32y14x/jtOqjG9xg/R+fqDHOqM1StOUPAubqHaoefVjMmZc347wDx56qrAc5zAgQIECBAgAABAu0ExIB2I9cwAQIECBAgQIAAATHAOUCAAAECBAgQIECgnYAY0G7kGiZAgAABAgQIECAgBjgHCBAgQIAAAQIECLQTEAPajVzDBAgQIECAAAECBMQA5wABAgQIECBAgACBdgJiQLuRa/iywP5/+OIykQUIECBAgACB7AJiQPYJqS+fQPRf3MsnoCICBAgQIECgvIAYUH6EGiBAgAABAgQIECBwVkAMOCvm/gQIECBAgAABAgTKC4gB5UeoAQIECBAgQIAAAQJnBcSAs2LuT4AAAQIECBAgQKC8gBhQfoQaIECAAAECBAgQIHBWQAw4K+b+BAgQIECAAAECBMoLiAHlR6gBAgQIECBAYK2Ad5Je62/39wTEgPfcHEWAAAECBAgQ+EfA35V0KlQUEAMqTk3NBAgQIECAAAECBC4JiAGX+BxMgAABAgQIECBAoKKAGFBxamomQIAAAQIECBAgcElADLjE52ACBAgQIECAAAECFQXEgIpTUzOBegLeRqPezFRMgAABAlsLiAFbj1dzBNIIeBuNNKNQCAECBAgQ+J+AGOA8IECAAAECBAgQINBOQAxoN3INEyBAgAABAgQIEBADnAMECBAgQIAAAQKpBLygLGIcYkCEsj0IECBAgAABAgQOC3hB2WGqC3cUAy7gOZQAAQIECBAgQIBATQExoObcVE2AAAECBAgQIEDggoAYcAHPoQQIECBAgAABAgRqCogBNeemagIECBAgQIAAAQIXBMSAC3gOJUCAAAECBAgQIFBTQAyoOTdVEyBAgAABAgQIELggIAZcwHMoAQIECBAgQIAAgZoCYkDNuamaAAECBAgQIECAwAUBMeACnkMJENhRwB+t2XGqeiJAgACBrwJiwFcRHxMg0FzAn7BvfgJonwABAk0EfjXpM7jN283jiePJ41Xv9+hfCON7HD8nK64QiD9zfHWsmPP4PTucOePVXq1I9ZXQO7dTfUft1TGuBrwScjsBAgQIECBAgACB7QTEgO1GqiECBAgQIECAAAECrwTEgFdCbidAgAABAgQIECCwnYAYsN1INUSAAAECBAgQIEDglYAY8ErI7QQIECBAgAABAgS2ExADthuphggQIECAAAECBAi8EhADXgm5nQABAgQIECBAgMB2AmLAdiPVEAECBAgQIECAAIFXAmLAKyG3EyBAgAABAgQIENhOQAzYbqQaIkCAAAECBAgQKC9wn92BGDBb2PoECBAgQIAAAQIEzgrczh5w9v5iwFkx9ydAgAABAgQIECCQU+DENQQxIOcIVUWAAAECBAgQIEDgrMCJawhiwFlc9ydAgAABAgQIECBQXkAMKD9CDRAgQIAAAQIECBA4KyAGnBVzfwIECBAgQIAAAQLlBR7EgBOvLihPoAECBAgQIECAAAEC3QQexIATry7oJqZfAgQIECBAgAABAuUFHsSA8n1pgAABAgQIECBAgACBhwJiwEMaNxAgQIAAAQIECBDYVUAM2HWy+iJAgAABAgQIECDwUEAMeEjjBgIECBAgQIAAAQJhAsHv0SMGhE3WRgQIECBAgAABAgQeCgS/R48Y8HASbiBAgAABAgQIECCwq4AYsOtk9UWAAAECBAgQIEDgoYAY8JDGDQQIECBAgAABAgR2FRADdp2svggQIECAAAECBAg8FBADHtK4gQABAgQIECBAgMCuAmLArpPVFwECBAgQIECAAIGHAmLAQxo3ECBAgAABAgQIENhVQAzYdbL6IkCAAAECBAgQIPBQQAx4SOMGAgQIECBAgAABArsKiAG7TlZfBAgQIECAAAECBQXuQTWLAUHQtiFAgAABAgQIECDwWuD2+i5D7iEGDGG0CAECBAgQIECAAIFKAmJApWmplQABAgQIHBGIejDxSC3uQ4BAUgExIOlglEWAAAECBN4WiHpq8dsFOpAAgUcCcV++vx6V4PNXBO73uBH+X523m4d+rkzs52M7qHbo8efp7vVZ33P2mGf8HOPd4r/nUI2f8h47rjtX436jczVgj3NVFwQIECBAgAABAgROCIgBJ7DclQABAgQIECBAgMAeAvVjQNyVkz0mrgsCBAgQIECAAAECf9WPAdFPwnfSECBAgAABAgQIECgvUD8GlB+BBggQIECAAAECBAhEC4gB0eL2I0CAAAECBAgQILBcQAxYPgIFECBAgAABAgQIEIgWEAOixe1HgAABAgQIECBAYLmAGLB8BAogQIAAAQIECBAgEC0gBkSL248AAQIECBAgQIDAcgExYPkIFECAAAECBAgQIEAgWkAMiBa3HwECBAgsFvB3JxcPwPYECKQQEANSjEERBAgQIBAn4O9OxlnbiQCBvAJiQN7ZqGyagEcCp9FamAABAgQIECgiIAYUGZQyRwp4JHCkprUIECBAgACBigJiQMWpqZkAAQIECBAgQIDAJQEx4BKfgwkQIECgnoAnBtabmYoJEBgvIAaMN7UiAQIECKQW8MTA1ONRHAECQQJiQBC0bQgQIECAAAECBAjkERAD8sxCJQQIECBAgAABAgSCBMSAIGjbECBAgAABAgQIEMgjIAbkmcU/lXjOarqRKIgAAQIECBAgsJ2AGJBupN7BIt1IFESAAAECBAgQ2E5ADNhupBoiQIAAAQIECBAg8EpADHgl5HYCBAgQIECAAAEC2wmIAduNVEMECBAgQIAAAQIEXgmIAa+E3E6AAAECBAgQIEBgOwExYLuRaogAAQIECBAgQIDAKwEx4JWQ2wkQIECAAAECBAhsJ9AsBngzzu3OYA0RIECAAAECBAi8IdAsBvjTXG+cIw4hQGCAgO8+AxAtQYAAAQIDBZrFgIFyliJAgMAJAdciT2C5KwECBAgECIgBAci2IECAAAECBAgQIJBLQAzINQ/VECBAgAABAgQIVBYoc/m3RAwoo1n5lFU7AQIECBAgQIDAdYEyLwYrEQPKaF4/caxAgAABAvUFPHpVf4Y6INBA4McY4NfuBpPXIgECBAjMEvBjdJasdQkQGCjw66e1dnsY436P/o58u0Ubxvf405kz93Mdevz3zPl9/gSdtPGq//Y492z5c/X4Hv/cPebfVGOcZ+8SP8fZHX1fP/7rMV61Q4/fJzv7M1RnCP94NWDGRtYkQOC4QFAGOF5QnntGJ+w8nauEAAECBAgMFRADhnJajACByQIS0mRgyxMgQIBAFwExoMuk9UmAAAECBAgQIEDgPwEx4D8K/yBAgAABAgQIECDQRUAM6DJpfRIgQIAAAQIECBD4T0AM+I/CPwgQIECAAAECBAh0ERADukxanwQIECCwtYC30dp6vJojMEFADJiAakkCBAgQIBAt4G20osXtR6C6gBhQfYLqJ0CAAAECBAgQIHBaQAw4TeaA7wIeg/pu4jMECBAgQIAAgcwCYkDm6ZSpzTNSy4xKoQQIECBwScBPvEt8Dk4lIAakGodiCBAgQIAAgcwCrn9nno7azgmIAee83JsAAQIECBAgQOCrgMskX0UKfCwGFBiSEgkQIECAAAECqQVcJkk9np+LEwN+dvFZAgQIECBAgAABAhsLiAEbD1drBAgQIECAwCQBT4KZBGvZOAExIM7aTgQIECBAgMAuAp4Es8skG/chBjQevtYJECBAgAABAgS6CogBXSevbwIECBAgQIAAgcYCYkDj4WudAAECBAgQIECgq4AY0HXy+iZAgAABAgQIEGgsIAY0Hr7WCRAgQIAAAQIEugqIAV0nr28CBAgQIECAAIHGAmJA4+FrnQABAgQIECBAoKuAGNB18vomQIAAAQIECBBoLCAGNB6+1gkQIECAAAECBLoKiAFdJ69vAgQIECBAgACBxgJiQOPha32EgL8mP0LRGgQIECBAgEC0gBgQLW6/zQRum/WjHQIECBAgQKCHgBjQY866JECAAAECBAgQIPCHgBjwB4Z/EiBAgAABAgQIEOghIAb0mLMuCRAgQIDABQFPgLyA51ACSQXEgKSDURYBAgQIEMgj4O0Q8sxCJQRGCYgBoyStQ4AAAQIECBAgQKCMgBhQZlQKJUCAAAECBAgQIDBKQAwYJWkdAgQIECBAgAABAmUExIAyo1IoAQIECKQU8LT5lGNRFAECrwRu93v096/bLfr9BuJ7fMXu9ncE4s+cd6q8dkz8udpB9dpMHN1XwNdj39lX69y5OmNi8aozuni+pqsBz33cSoAAAQIECBAgQGBDATFgw6FqiQABAgQIECBAgMBzATHguY9bCRAgQIAAAQIECGwoIAZsOFQtESBAgAABAgQIEHguIAY893ErAQIECBAgQIAAgQ0FxIANh6olAgQIECBAgAABAs8FxIDnPm4lQIAAAQIECBAgsKGAGDB+qNF/iGF8B1YkQIAAAQIECBDYXEAMGD/g6L+ONr4DKxIgkFbAN5i0o+lamFOy6+T1vYGAGLDBELVAgEAfAZcb+8y6SKdOySKDUiaB7wJiwHcTnyFAgAABAgQIECCwuYAYsPmAtUeAAAECBAgQIEDgu4AY8N3EZwiUEHAlvsSYFEmAAAECBJIKiAFJB6MsAq8EvC7vlZDbCRAgQIAAgccCMTHAw5aPJ+AWAgQIECDwhoCHAt5AcwgBAn8IxMQA36v+IPdPAgQIECBwXcAjbNcNrUCgt0BMDOhtrHsCBAgQIEDgBwGPEv6A4lOvBZw4r40O3UMMOMTkTgQIECBAgMBoAVc0Ros2Wc+JM2jQYsAgSMsQIECAAAECBAgQqCMgBtSZlUoJECBAgAABAgQIDBIQAwZBWoYAAQIECBAgQIBAHQExoM6sVEqAAAECBAgQIEBgkIAYMAjSMgQIECBAgAABAgTqCIgBdWalUgIELgt4l7nLhBYgQIAAgU0EcsUAP6E3Oa20QSCrgHeZyzoZdREgQIBAtECuGOAndPT87UeAAAECBAgQINBSIFcMaDmCbZoW4rYZpUYIECBAgACB/QXEgP1nHNWhp3RFSduHAAECBAgQIHBZQAy4TGgBAgQIECBAgAABAtUExIBqE1MvAQIECBAgQIAAgcsCYsBlQgsQIECAAAECBAgQqCYgBuScmJfb5pyLqggQIECAAAECmwiIATkH6eW2OeeiKgIECBAgQIDAJgJiwCaD1AYBAgQIECBAgACB4wJiwHEr9yRAgAABAgQIECCwiYAYsMkgtUGAAIFrAp6LeM3P0asFnMGrJ2D/egJiQL2ZqZgAAQITBLwzwQRUSwYKOIMDsW21icCv+D7ud1+q8eo77OjM2WGKf/3VYY63W/TjkvGqHXrc4yvueRfxZ87zeva4Nf6rYw+3Hl38/h04+gfEE1hXA57guIkAAQIECBAgQIDAKIFEGeB3S2LAqLlahwABAgQIECBAgEAZATGgzKgUSoDAWQFPQDwr5v4ECBAg0EdADOgza50SaCeQ6+JrO34NEyBAgEBqATEg9XgUR4AAAQKbCrhYtelgtUWgjoAYUGdWO1Tqx94OU9QDAQIjBFysGqFoDQIELgiIARfwHHpawI+902QOIECAAAECBAjMEBADZqhakwABAskFXJpLPiDlESBAYLqAGDCd2AYECBDIJ+DSXL6ZqIgAAQKxAmJArLfdCBAgQIAAAQIECCQQEAMSDEEJBAgQIECAAAECBGIFxIBYb7sRIECAAAECBAgQWCnwz8vDxICVQ7B3PgGvm8w3ExURIECAAAECIwX+eXmYGDAS1Vr1Bbxusv4MdUCAAAECBMYIbP7goBgw5jSxCgECBAgQIECAwF4Cmz84KAbsdbrqhgABAgQIECBAgMABATHgAJK7ECBAgAABAgQIENhLQAzYa566IUCAAAECBAgQIHBAQAw4gOQuBAgQIECAAAECBPYSEAP2mqduCBAgQIAAAQIECBwQEAMOILkLAQIECBAgQIAAgb0ExIC95qkbAgQIECBAgAABAgcExIADSO5CgAABAgQIECBAYC8BMWD0PDf/e3OjuaxHgAABAgQIECCwQkAMGK2++d+bG81lPQIECBAgQIAAgRUCYsAK9cg9XZ2I1C6yl5OiyKCUSYAAAQIEJgqIARNxUyzt6kSKMeQqwkmRax6qIUCAAAECKwTEgBXq9iRAgAABAgQIECCwVEAMWMpvcwIECBAgQIAAAQIrBMSAFer2JECAAAECBAgQILBUQAxYym9zAgQIECBAgAABAisExIAV6vYkQIAAAQIECBAgsFRADFjKb3MCBAgQIECAAAECKwTEgBXq9iRAgAABAgQIECCwVEAMWMpvcwIECBAgQIAAAQIrBMSAFer2JECAQISAPxgdoWwPAgQIFBUQA4oOTtkECBB4KeAPRr8kcgcCBAj0FfgV3/rt5idTvLodawjc79EP38bvGP8dIL7H+B07qNb4GlblKwHn6iuhGrfHf5eLd+lwrroaEH9e2ZEAAQIECBAgQIDAYgExYPEAbE+AAAECBAgQIEAgXkAMiDe3IwECBAgQIECAAIHFAmLA4gHYngABAgQIECBAgEC8gBgQb25HAgQIECBAgAABAosFxIDFA7A9AQIECBAgQIAAgXgBMSDe3I4ECFQQiH7v1gomaiRAgACBjQQuxQA/JTc6E7RCgMBnAX/g5LOHjwgQIEBgM4FLMcBPybfPBnRv0zmQAAECBAgQIEDgusClGHB9+7YruJDSdvQaJ0CAAAECBAhkEBADMkxBDQQIECBAgAABAgRCBcSAUG6bESBAgAABAgQIEMggIAZkmIIaCBAgQIAAAQIECMwQePhU9H9iwMPbZxRjTQIECBAgQIAAAQIEIgQevjHNPzHg4e0RxdmDAAECBAgQIECgiYAHn7MM2pOCskxCHQQIECBAgACBBgIefM4yZDEgyyTUQYAAAQIECBAgQCBMQAwIo7YRAQIECBAgQIAAgSwCYkCWSaiDAAECBAgQIECAQJiAGBBGbSMCBAgQIECAAAECWQTEgCyTUAcBAgQIECBAgACBMAExIIzaRgQIECBAgAABAgSyCIgBWSahDgIECBAgQIAAAQJhAmJAGLWNCBAgQIAAAQIECGQREAOyTEIdBAgQIECAAAECBMIExIAwahsRIECAAAECBAgQyCKwKgb4O9JZzgB1ECBAgAABAgQINBRYFQPuDa213ElA0O00bb0SIECAAIGCAqtiQEEqJRM4ISDonsByVwIECBAgQCBeQAyIN7cjAQIECBAgQIAAgcUCYsDiAdieAAECBAgQIECAQLyAGBBvbkcCBPYQ8NSvPeaoCwIECDQVEAOaDl7bBAhcFvBC8MuEFiBAgACBdQJiwDp7OxMgQIAAAQIECBBYJCAGLIK3LQECBAgQIECAAIF1AmLAOns7EyBAgAABAgTWCniV01r/pbuLAUv5bU6AAAECBAgQWCjgVU4L8Vdv/Wt1ARH73++iboTzfnvcbr47jp9qh6/H+DMnXlWP4782eqwYf672cNXleIEO56qrAePPGysSIECAAAECBAgQSC4gBiQfkPIIECBAgAABAgQIjBcQA8abWpHAzwKeYfSzi88SIECAAAECCwTEgAXotmwq4CUqTQevbQIECBAgkFFADMg4FTURIECAAAECBAgQmCogBkzltTgBAgQIECBAgACBjAJiQMapqIkAAQIECBAgQIDACIGHT0oWA0bwWoNAfoGH3wTyl65CAgQIECBA4G2Bh29RIga8bepAAqUEHn4TKNWFYgkQIECAAIFBAmLAIEjLECBAgAABAgQIEKgjIAbUmZVKCRAgQIAAAQIECAwSEAMGQVqGAAECBAgQIECAQB0BMaDOrFRKgAABAgQIECBAYJCAGDAI0jIECBAYKuBF3UM5LUaAAAECXwXEgK8iPiZAgEAGAW/xmmEKaiBAgMDGAmLAxsPVGgECBAgQIECAAIGfBcSAn118lgABAgQIECBAgMDGAmLAxsPV2mIBz+1ePADbEyBAgAABAo8FxIDHNm4hcE3Ac7uv+TmaAAECBAgQmCggBkzEtTQBAgQIECBAgACBnAJiQM65qIoAAQIECBAgQIDARAExYCKupQkQIECAAAECBAjkFBADcs5FVQQIECBAgAABAgQmCogBE3EtTYAAAQIECBAgQCCngBiQcy6qIkCAAAECBAgQIDBRQAyYiGtpAgQIECBAgAABAjkFxICcc1EVAQIECBAgQIAAgYkCYsBEXEsTIECAAIGHAv7S+EMaNxAgECEgBkQo24MAAQIECHwV8JfGv4r4mACBUAExIJTbZgQIECBAgAABAgQyCIgBGaagBgIECBAgQIAAAQKhAmJAKLfNCBAgQIAAAQIECGQQEAMyTEENBAgQIECAAAECBEIFxIBQbpsRIECAAAECBAgQyCAgBmSYghoIECBAgAABAgQIhAqIAaHcNiNAgAABAgQIECCQQUAMyDAFNRAgQIAAAQKTdtnAAAASCklEQVQECBAIFfgVulubzW43fxxy/LDvd39rZ7xq/LlqjuOnaEUC7wrEfwd4t1LHdRfocK7G/3x0NaD715X+CRAgQIAAAQIEGgqIAQ2HrmUCBAgQIECAAIHuAmJA9zNA/wQIECBAgAABAg0FxICGQ9cyAQIECBAgQIBAdwExoPsZoH8CBAgQIECAAIGGAmJAw6FrmQABAgQIECBAoLuAGND9DNA/AQIECBAgQIBAQwExoOHQtUyAAAECBAgQINBdQAzofgbonwABAgQIECBAoKGAGNBw6FomQIAAAQIECBDIIXBbVoYYsIzexgQIECBAgAABAt0F7ssAxIBl9DYmQIAAAQIECBAgsEpADFglb18CBAgQIECAAAECywTEgGX0NiZAgAABAgQIECCwSkAMWCVvXwIECBAgQIAAAQLLBMSAZfQ2JkCAAAECBAgQILBKQAxYJW9fAgQIECBAgAABAssExIBl9DYmQIAAAQIECBAgsEpADFglb18CBAgQIECAAAECywTEgGX0NiZAgAABAgQIECCwSkAMWCVvXwIECBAgQIAAAQLLBMSAZfQ2JkCAAAECBAgQILBKQAxYJb/1vretu9McAQIECBAgQKC+gBhQf4YJO7gnrElJBAgQIECAAAECHwJiwIeFfxEgQIAAAQIECBBoIiAGNBm0NgkQIECAAAECBAh8CIgBHxb+RYAAAQIECBAgQKCJgBjQZNDaJECAAAECBAgQIPAhIAZ8WPgXAQIECBAgQIAAgSYCYkCTQWuTAAECBAgQIFBFwHsORkxKDIhQtgcBAgQIECBAgMBhAX+B6DDVhTuKARfwHEqAAAECBAgQIECgpoAYUHNuqi4l4DGNUuNSLAECBAgQaCEgBrQYsybXCniG41p/uxMgQIAAAQLfBcSA7yY+Q4AAAQIECBAgQGBzATFg8wFrr5uAKw/dJq5fAgQIECDwnoAY8J5bx6M8wb3E1I2pxJgUSYAAAQIElgv8Wl6BAqoIeJi5yqSS13m77R9V7vfoL5cOqh16dObM+PYVrzqjC2sSmCHgasAMVWsSIECAAAECBAgQSC0gBqQej+IIECBAYLHA/pevFgPbngCBVQJiwCp5+xIgQIBABYHoZ3hVMFEjAQJbCIgBW4xREwQIECBAgAABAgTOCIgBZ7TclwABAgQIECBAgMAWAmLAFmPUBAECBAgQ+Crg+UxfRXy8WMApuXgAX7cXA76K+JgAAQIEHgp4vexDmoQ3mFbCofQuySmZbP5iQLKBKGeEgIcbRihag8BPAr66flLxOQIECFQUEAMqTk3NLwQ83PACyM0ECBAgQIBAewExoP0pAIAAAQIECBAgQKCfgBiQd+Ye0s47G5URIECAAAECBIoLiAF5B+gpuHlnozICBAgQIECAQHEBMaD4AJVPgAABAgQIECBA4LyAGHDezBEECBAgQIAAAQIEiguIAcUHqHwCBAgQIFBMwGvfig1MubsKiAG7TlZfBAgQIEAgp4DXvuWci6raCYgBL0fuu9VLIncgQIAAAQIECBAoJiAGvByYa5cvidyBAAECBAgQIECgmIAYUGxgyiVAgAABAgQIECBwXUAMuG5oBQIECBAoJOAab6FhKZUAgYkCYsBEXEsTIECAQD4Br/jKNxMVESCwQkAMWKFuTwIECBAgQIAAAQJLBcSApfyrN3dpfPUE7E+AAAECBAgQWCMgBqxxT7KrS+NJBqEMAgQIECBAgECwgBgQDG47AgQIECBAgAABAusFxID1M1ABAQIECBAgQIAAgWABMSAY3HYECBAgQIAAAQIE1guIAetnoAICBAgQIECAAAECwQJiQDC47QgQIECAAAECBAisFxAD1s9ABQQIECBAgAABAgSCBcSAYHDbESBAgAABAgQIEFgv0C4GeKf89SedCggQIECAAAECBFYLtIsB/m7u6lPO/gQIECBAgAABAusF2sWA9eQqIECAAAECBAgQILBa4J0Y4Hk1q6dmfwIECBAgQIAAAQKXBN6JAZ5Xc4ncwQQIECBAgAABAgRWC7wTA1bXbH8C7wq4kvWunOMIECBAgACBzQR+bdaPdgg8E3Al65vO/R6djW63/ccQ32OHOXbo8dsX6PRPxKtObynBBvHfARI0rYSSAq4GlBybogkQIECAAAECBAhcERADrug5lgABAgQIECBAgEBJATGg5NgUTYAAAQIECBAgQOCKgBhwRc+xBAgQIECAAAECBEoKiAElx6ZoAgQIECBAgAABAlcExIAreo4lQIAAAQIECBAgUFJADCg5NkUTIECAAAECBAgQuCIgBlzRcywBAgQIECBAgACBkgJiQMmxKZoAAQIECBAgQIDAFYGBMSD6b5FeaduxBAgQIPC3gG/dTgQCBAg0FRgYA25NCbVNgACBwgK+dRcentIJECBwRWBgDLhShmMJECBAgAABAgQIEIgTEAPirO1EgAABAgQIECBAIImAGJBkEMogQIAAAQIECBAgECcgBsRZ24kAAQIECBAgQIBAEgExIMkglEGAAAECBAgQIEAgTkAMiLO2EwECBAgQIECAAIEkAmJAkkEogwABAgQIECBAgECcgBgQZ20nAgQIECBA4JiAP2x3zMm9CFwQEAMu4DmUAAECBAgQmCLgD9tNYbUogT8FxIA/NfybAAECBAgQIECAQAsBMaDFmDVJgAABAgQIECBA4E8BMeBPDf8mQIAAAQIECBAg0EJADCg4Zk+YLDg0JRMgQIAAAQIEUgmIAanGcawYb59wzMm9CBAgQIAAAQIEHgmIAY9kfL6egHxUb2YqJkCAAIG+Ap7esHj2YsDiAdh+oIBvJwMxLUWAAAECBCYLePhuMvCr5cWAV0JuJ0CAAAECBAgQILCdgBiw3Ug1RIAAAQIECBAgQOCVgBjwSujq7Z6oclXQ8QQIECBAgAABAsMFxIDhpF8W9Ly3LyA+JECAAIHzAn6YnDdzBIHUAgkeKBYDUp8hiiNAgAABAv8TSPAbg0EQIDBSIEG2FwNGDtRaBAgQIECAAAECBEoIiAElxqRIAgQIECBAgECkgCtQkdpr9hID1rjblQABAgQIECCQWCDBc1YS6+xRmhiwxxx1QYAAAQIECBAgQOCEgBhwAstdCRAgQIAAAQIECOwh8GuPNrJ1cb+7lJZtJur5WeB2i372Z/xXR3yPP1vP/GyHHmf6WTtOwLk6w9r31RmqHdZ0NaDDlPVIgAABAgQIECBA4JOAGPCJwwcECBAgQIAAAQIEOgiIAR2mrEcCBAgQIECAAAECnwTEgE8cPiBAgAABAgQIECDQQUAM6DBlPRIgQIAAAQIECBD4JCAGfOLwAQECBAgQIECAAIEOAmJAhynrkQABAgQIECBAgMAnATHgE4cPCBAgQIAAAQIECHQQEAM6TFmPBAgQIECAAAECBD4JiAGfOHxAgAABAgQIECBAoIOAGNBhynokQIAAAQIECBAg8ElADPjE4QMCBAgQIECAAAECHQTEgA5T1iMBAgQIECBAgACBTwJiwCcOHxAgQKCZwK1Zv9olQIAAgX8ExACnAgECBDoL3Ds3r3cCBAh0FhADOk9f7wQIECBAgAABAk0FxICmg9c2AQIECBAgQIBAZwExoPP09U6AAAECBAgQIHBVoOirrMSAq4N3PAECOwgU/Ra+A70eCBAgUF6g6KusxIDyZ54GCBAYIFD0W/iAzi1BgAABAk0FxICmg9c2AQIECBAgQIBAZwExoPP09U6AAAECBAgQINBUQAwIHLxnHQRi24oAAQIECBAgQOCJgBjwBGf0TV6DOFrUegQIECBAgAABAu8JiAHvuTmKAAECBAgQIFBGwDMSyowqsFAxIBDbVgQIECBAgACBFQKekbBCPfueYkD2CamPAAECBAgQIECAwHABMWA4qQUJECBAgMAGAp5FssEQtUDgmYAY8EzHbQQIECBAoKuAZ5F0nby+nwls9XUhBjwbtdsIECBAgAABAgQI/Cuw1VUyMeDfsfo/AQIECBAgQOAtga0eIn5LwEEVBcSAilPLUfNWeTgHqSoIECBAoKaAH4k159a9ajGg+xnwfv8e+njfzpEECBAgQIAAgcUCYsDiAdieAAECBAgQIECAQLyAGBBvbkcCBAgQIECAAAECiwXEgMUDsD0BAgQIECBAgACBeAExIN7cjgQIECBAgAABAgQWC/xavH/I9rebV7OGQNuEAAECGwnc79Hv/uKn1YzTJ36OM7p4vmb8mUP1+USq3OpqQJVJqZMAAQIECBAgQIDAMAExYBilhQgQIECAAAECBAhUERADqkxKnQQIECBAgAABAgSGCYgBwygtRIAAAQIECBAgQKCKgBhQZVLqJECAAAECBAgQIDBMQAwYRmkhAgQIECBAgAABAlUExIAqk4qs0/urRmrbiwABAgQIECCwQEAMWICefsvot8pOD6JAAgQIECBAgMBuAmLAbhOt149rD/VmpmICBAgQIECgvIAYUH6E5Rtw7aH8CDVAgAABAgQI1BMQA+rNTMUECBAgQIAAAQIELgqIARcBHU6AAAECBAgQIECgnoAYUG9mKiZAgAABAgQIECBwUUAMuAjocAIECBAgQIAAAQL1BMSAejNTMQECBAgQIECAAIGLAmLARUCHEyBAgAABAgQIEKgnIAbUm5mKCRAgQKC0gPdJLj0+xRPYRkAM2GaUGiFAgACBGgL+amKNOamSwO4CYsDuE9YfAQIECBAgQIAAgW8CYsA3Ep8gQIAAAQIECBAgsLuAGLD7hPVHgAABAgQIECBA4JuAGPCNxCcIECBAgAABAgQI7C4gBuw+Yf0RIECAAAECBAgQ+CYgBnwj8QkCBAgQIECAAAECuwuIAbtPWH8ECBAgQIAAAQIEvgmIAd9IfIIAAQIECBAgQIDA7gJiwO4T1h8BAgQIECBAgACBbwJiwDcSnyBAgAABAgSiBPxN5Shp+xD4KiAGfBXxMQECBAgQIBAmcA/b6etG63b+WomPCawREAPWuNuVAAECBAgQWCrgOsRSfpsnEBADEgxBCQQIECBAgAABAgRiBcSAWG+7ESBAgAABAgQIEEggIAYkGIISCCQRcIU8ySCUQYAAAQIE5guIAfON7UCgioDXy1WZlDoJECBAgMBlATHgMqEFCBAgQIAAAQIECFQTEAOqTUy9BAgQIECAAAECBC4LiAGXCS1AgAABAgQIECBAoJrA7X73dOBqQ1MvAQIECBAgQIAAgWsCrgZc83M0AQIECBAgQIAAgYICYkDBoSmZAAECBAgQIECAwDUBMeCan6MJECBAYAMBT4/dYIhaIEDgpIAYcBLM3QkQIEBgPwF/O2+/meqIAIFXAmLAKyG3EyBAYIiAx5uHMFqEAAECBAYJiAGDIC1DgACB5wIeb37u41YCBAgQiBUQA2K97UaAAAECBAgQIEAggYAYcG0IrvJf83M0AQIECBAgQIDAEgEx4Bq7q/zX/BxNgAABAgQIECCwREAMWMJuUwIECBAgQIAAAQIrBcSAlfr2JkCAAAECBAgQILBEQAxYwm5TAgQIECBAgAABAisFxICV+vYmQIAAAQIECBAgsERADFjCblMCBAgQIECAAAECKwXEgJX69iZAgAABAgQIEOgnkOIt58WAfieejgkQIECAAAECBFYKpHjLeTFg5SlgbwIECBAgQIAAAQJLBMSAJew2JUCAAAECBAgQILBSQAxYqW9vAgQIECBAgAABAksExIAl7DYlQIAAAQIECBAgsFJADFipb28CBAgQIECAAAECSwTEgCXsNiVAgAABAgQIECCwUkAMWKlvbwIECBAgQIAAAQJLBMSAJew2JUCAAAECBAgQIPBEYPqfGBMDnui7iQABAgQIECBAgMASgel/YkwMWDJXmxIgQIAAAQIECBBYKSAGrNS3NwECBAgQIECAAIElAodjwPSnJy1p36YECBAgQIAAAQIEOgocjgHTn57UUV/PBAgQIECAAAECBJYIHI4BS6qzKQECBAgQIECAAAECEwTEgAmoliRAgAABAgQIECCQW0AMyD0f1REgQIAAAQIECBCYICAGTEC1JAECBAgQIECAAIHcAmJA7vmojgABAgQIECBAgMAEATFgAqolCRAgQIAAAQIECOQWEANyz0d1BAgQIECAAAECBCYIiAETUC1JgAABAgQIECBAILfA/wdPsnskqIEBxgAAAABJRU5ErkJggg==', 12);
INSERT INTO `events` (`event_id`, `title`, `description`, `event_date`, `location`, `organizer`, `STATUS`, `created_at`, `qr_image`, `max_capacity`) VALUES
(18, '121beni', '', '2025-12-11 04:16:00', 'manila', 'Admin', 'Active', '2025-12-07 02:15:28', '/9j/4AAQSkZJRgABAQAAAQABAAD/4QAiRXhpZgAATU0AKgAAAAgAAQESAAMAAAABAAAAAAAAAAD/4Qn6aHR0cDovL25zLmFkb2JlLmNvbS94YXAvMS4wLwA8P3hwYWNrZXQgYmVnaW49Iu+7vyIgaWQ9Ilc1TTBNcENlaGlIenJlU3pOVGN6a2M5ZCI/PiA8eDp4bXBtZXRhIHhtbG5zOng9ImFkb2JlOm5zOm1ldGEvIiB4OnhtcHRrPSJYTVAgQ29yZSA2LjAuMCI+IDxyZGY6UkRGIHhtbG5zOnJkZj0iaHR0cDovL3d3dy53My5vcmcvMTk5OS8wMi8yMi1yZGYtc3ludGF4LW5zIyI+IDxyZGY6RGVzY3JpcHRpb24gcmRmOmFib3V0PSIiIHhtbG5zOnRpZmY9Imh0dHA6Ly9ucy5hZG9iZS5jb20vdGlmZi8xLjAvIiB4bWxuczpwaG90b3Nob3A9Imh0dHA6Ly9ucy5hZG9iZS5jb20vcGhvdG9zaG9wLzEuMC8iIHRpZmY6T3JpZW50YXRpb249IjAiIHBob3Rvc2hvcDpJbnN0cnVjdGlvbnM9IkZCTUQwZjAwMDcxYTAyMDAwMGViMGMwMDAwMzMxNzAwMDBhNDE4MDAwMDZkMWEwMDAwMWExZDAwMDA1OTJhMDAwMDdhMmEwMDAwIi8+IDwvcmRmOlJERj4gPC94OnhtcG1ldGE+ICAgICAgICAgICAgICAgICAgICAgICAgICAgICAgICAgICAgICAgICAgICAgICAgICAgICAgICAgICAgICAgICAgICAgICAgICAgICAgICAgICAgICAgICAgICAgICAgICAgICAgICAgICAgICAgICAgICAgICAgICAgICAgICAgICAgICAgICAgICAgICAgICAgICAgICAgICAgICAgICAgICAgICAgICAgICAgICAgICAgICAgICAgICAgICAgICAgICAgICAgICAgICAgICAgICAgICAgICAgICAgICAgICAgICAgICAgICAgICAgICAgICAgICAgICAgICAgICAgICAgICAgICAgICAgICAgICAgICAgICAgICAgICAgICAgICAgICAgICAgICAgICAgICAgICAgICAgICAgICAgICAgICAgICAgICAgICAgICAgICAgICAgICAgICAgICAgICAgICAgICAgICAgICAgICAgICAgICAgICAgICAgICAgICAgICAgICAgICAgICAgICAgICAgICAgICAgICAgICAgICAgICAgICAgICAgICAgICAgICAgICAgICAgICAgICAgICAgICAgICAgICAgICAgICAgICAgICAgICAgICAgICAgICAgICAgICAgICAgICAgICAgICAgICAgICAgICAgICAgICAgICAgICAgICAgICAgICAgICAgICAgICAgICAgICAgICAgICAgICAgICAgICAgICAgICAgICAgICAgICAgICAgICAgICAgICAgICAgICAgICAgICAgICAgICAgICAgICAgICAgICAgICAgICAgICAgICAgICAgICAgICAgICAgICAgICAgICAgICAgICAgICAgICAgICAgICAgICAgICAgICAgICAgICAgICAgICAgICAgICAgICAgICAgICAgICAgICAgICAgICAgICAgICAgICAgICAgICAgICAgICAgICAgICAgICAgICAgICAgICAgICAgICAgICAgICAgICAgICAgICAgICAgICAgICAgICAgICAgICAgICAgICAgICAgICAgICAgICAgICAgICAgICAgICAgICAgICAgICAgICAgICAgICAgICAgICAgICAgICAgICAgICAgICAgICAgICAgICAgICAgICAgICAgICAgICAgICAgICAgICAgICAgICAgICAgICAgICAgICAgICAgICAgICAgICAgICAgICAgICAgICAgICAgICAgICAgICAgICAgICAgICAgICAgICAgICAgICAgICAgICAgICAgICAgICAgICAgICAgICAgICAgICAgICAgICAgICAgICAgICAgICAgICAgICAgICAgICAgICAgICAgICAgICAgICAgICAgICAgICAgICAgICAgICAgICAgICAgICAgICAgICAgICAgICAgICAgICAgICAgICAgICAgICAgICAgICAgICAgICAgICAgICAgICAgICAgICAgICAgICAgICAgICAgICAgICAgICAgICAgICAgICAgICAgICAgICAgICAgICAgICAgICAgICAgICAgICAgICAgICAgICAgICAgICAgICAgICAgICAgICAgICAgICAgICAgICAgICAgICAgICAgICAgICAgICAgICAgICAgICAgICAgICAgICAgICAgICAgICAgICAgICAgICAgICAgICAgICAgICAgICAgICAgICAgICAgICAgICAgICAgICAgICAgICAgICAgICAgICAgICAgICAgICAgICAgICAgICAgICAgICAgICAgICAgICAgICAgICAgICAgICAgICAgICAgICAgICAgICAgICAgICAgICAgICAgICAgICAgICAgICAgICAgICAgICAgICAgICAgICAgICAgICAgICAgICAgICAgICAgICAgICAgICAgICAgICAgICAgICAgICAgICAgICAgICAgICAgICAgICAgICAgICAgICAgICAgICAgICAgICAgICAgICAgICAgICAgICAgICAgICAgICAgICAgICAgICAgICAgICAgICAgICAgICAgICAgICAgICAgICAgICAgICAgICAgICAgICAgICAgICAgICAgICAgICAgICAgICAgICAgICAgICAgICAgICAgICAgICAgICAgICAgICAgICAgICAgICAgICAgICAgICAgICAgICAgICAgICAgICAgICAgICAgICAgICAgICAgICAgICAgICAgICAgICAgICAgICAgICAgICAgICAgICAgICAgICAgICAgICAgICAgICAgICAgICAgICAgICAgICAgICAgICAgICAgICAgICAgICAgICAgICAgICAgICAgICAgICAgICAgICAgICAgICAgICAgICAgICAgICAgICAgICAgICAgICAgICAgICAgICAgICAgICAgICAgICAgICAgICAgICAgICAgICAgICAgICAgICAgICAgICAgICAgICAgICAgICAgICAgICAgICAgICAgICAgICAgICAgICAgICAgICAgICAgICAgICAgICAgICAgICAgICAgICAgICAgICAgICAgICAgICAgICAgICAgICAgICAgICAgICAgICAgICAgICAgICAgICAgICAgICAgICAgICAgICAgICAgICAgICAgICAgICAgICAgICAgICAgICAgICAgICAgPD94cGFja2V0IGVuZD0idyI/PgD/2wBDAA4KCw0LCQ4NDA0QDw4RFiQXFhQUFiwgIRokNC43NjMuMjI6QVNGOj1OPjIySGJJTlZYXV5dOEVmbWVabFNbXVn/2wBDAQ8QEBYTFioXFypZOzI7WVlZWVlZWVlZWVlZWVlZWVlZWVlZWVlZWVlZWVlZWVlZWVlZWVlZWVlZWVlZWVlZWVn/wAARCAHHAccDAREAAhEBAxEB/8QAHwAAAQUBAQEBAQEAAAAAAAAAAAECAwQFBgcICQoL/8QAtRAAAgEDAwIEAwUFBAQAAAF9AQIDAAQRBRIhMUEGE1FhByJxFDKBkaEII0KxwRVS0fAkM2JyggkKFhcYGRolJicoKSo0NTY3ODk6Q0RFRkdISUpTVFVWV1hZWmNkZWZnaGlqc3R1dnd4eXqDhIWGh4iJipKTlJWWl5iZmqKjpKWmp6ipqrKztLW2t7i5usLDxMXGx8jJytLT1NXW19jZ2uHi4+Tl5ufo6erx8vP09fb3+Pn6/8QAHwEAAwEBAQEBAQEBAQAAAAAAAAECAwQFBgcICQoL/8QAtREAAgECBAQDBAcFBAQAAQJ3AAECAxEEBSExBhJBUQdhcRMiMoEIFEKRobHBCSMzUvAVYnLRChYkNOEl8RcYGRomJygpKjU2Nzg5OkNERUZHSElKU1RVVldYWVpjZGVmZ2hpanN0dXZ3eHl6goOEhYaHiImKkpOUlZaXmJmaoqOkpaanqKmqsrO0tba3uLm6wsPExcbHyMnK0tPU1dbX2Nna4uPk5ebn6Onq8vP09fb3+Pn6/9oADAMBAAIRAxEAPwD0mgAoAKACgAoAKACgAoAKACgAoAKACgAoAKACgAoAKACgAoAKACgAoAKACgAoAKACgAoAKACgAoAKACgAoAKACgAoAKACgAoAKACgAoAKACgAoAKACgAoAKACgAoAKACgAoAzPEf/ACLWq/8AXnN/6Aa5sX/u9T0f5HNi/wDd6no/yNOuk6QoAKACgAoAKACgAoAKACgAoAKACgAoAKACgAoAKACgAoAKACgAoAKACgAoAKACgAoAKACgAoAKACgAoAKACgAoAKACgAoAKACgAoAKACgAoAKACgAoAKACgAoAKACgAoAzPEf/ACLWq/8AXnN/6Aa5sX/u9T0f5HNi/wDd6no/yNOuk6QoAKACgAoAKACgAoAKACgAoAKACgAoAKACgAoAKACgAoAKACgAoAKACgAoAKACgAoAKACgAoAKACgAoAKACgAoAKACgAoAKACgAoAKACgAoAKACgAoAKACgAoAKACgAoAzPEf/ACLWq/8AXnN/6Aa5sX/u9T0f5HNi/wDd6no/yNOuk6QoAKACgAoAKACgAoAKACgAoAKACgAoAKACgAoAKACgAoAKACgAoAKACgAoAKACgAoAKACgAoAKACgAoAKACgAoAKACgAoAKACgAoAKACgAoAKACgAoAKACgAoAKACgAoAzPEf/ACLWq/8AXnN/6Aa5sX/u9T0f5HNi/wDd6no/yNOuk6QoAKACgAoAKACgAoAKACgAoAKACgAoAKACgAoAKACgAoAKACgAoAKACgAoAKACgAoAKACgAoAKACgAoAKACgAoAKACgAoAKACgAoAKACgAoAKACgAoAKACgAoAKACgAoAzPEf/ACLWq/8AXnN/6Aa5sX/u9T0f5HNi/wDd6no/yNOuk6QoAKACgAoAKACgAoAKACgAoAKACgAoAKACgAoAKACgAoAKACgAoAKACgAoAKACgAoAKACgAoAKACgAoAKACgAoAKACgAoAKACgAoAKACgAoAKACgAoAKACgAoAKACgAoAzPEf/ACLWq/8AXnN/6Aa5sX/u9T0f5HNi/wDd6no/yNOuk6QoAKACgAoAKACgAoAKACgAoAKACgAoAKACgAoAKACgAoAKACgAoAKAEoEFAyN5kj+84FFhWKFzrljbf6ydaLFWKB8Z6QDjz6BWLNv4m0y5+5dJQFjVR1kUFTkHvQFiSgLBQAUAFABQAtABQAUAFABQAUAFABQAUAFABQAUAFABQAUAFABQAUAFABQBmeI/+Ra1X/rzm/8AQDXNi/8Ad6no/wAjmxf+71PR/kaddJ0hQAUAFABQAUAFABQAUAFABQAUAFABQAUAFABQAUAFABQAUAFABQAUAU72/gsYi88gUCgZxWteP1TMdimW9aAsche+IdQvf9ZcOKLlWM155ZP9ZI5ouOxHQOwBiPUc9qAsbOkeKtQ0z7s/mp/dNUTY3F+I91j/AFKmgViWP4kTfx29IfKWI/iSv8dqaA5TStPiBp0zYlBjpEm9aa7YXn+puUJoA0VYMuRzQIfQAUAFABQAUAFABQAUAFABQAUAFABQAUAFABQAUAFABQBmeI/+Ra1X/rzm/wDQDXNi/wDd6no/yObF/wC71PR/kaddJ0hQAUAFABQAUAFABQAUAFABQAUAFABQAUAFABQAUAFABQAUAFACUAc14l8VwaPGUj+eb0oHY811XW7vVZS80p2f3aCkigQOKC0NagBjUANNIBpNABmmIM0AApDHZoAKAHRzSRNmNyp9qAN3SfGWpac3+s86P+69Mmx6H4f8WWmsRgf6qX+6aCbHRA0EhQIdQMKACgAoAKACgAoAKACgAoAKACgAoAKACgAoAzPEf/Itar/15zf+gGubF/7vU9H+RzYv/d6no/yNOuk6QoAKACgAoAKACgAoAKACgAoAKACgAoAKACgAoAKACgAoAKAGscUAcT4r8ZJZB7SxO64/vUFJHnc80ty5mmk8x2NBVhnX3qSrBjuaBhigQxx15oAjNMBtAABTEAFAAKQx1ABigAxQACmOxLDNJBKHjfa45yKCbHf+E/GvmlbXUP8AgD0EHfRuJF3Kcg0EklABQAUAFABQAUAFABQAUAFABQAUAFABQAUAFAGZ4j/5FrVf+vOb/wBANc2L/wB3qej/ACObF/7vU9H+Rp10nSFABQAUAFABQAUAFABQAUAFABQAUAFABQAUAFABQAUAFADelAkjgfGfi4w7rKwb5/4noLSPP8lm3NyTzmpKF69aChQDQAvTgDJoAMeuKBjWH5UARsKYiLFUA7FIQYoAAKQxwU0AP20CEKf5FACbcUDEAoAeOORwRQTY7jwZ4sKOtleyfJ/C1UTY9FVgygg8GkTYfQIWgYUAFABQAUAFABQAUAFABQAUAFABQAUAZniP/kWtV/685v8A0A1zYv8A3ep6P8jmxf8Au9T0f5GnXSdIUAFABQAUAFABQAUAFABQAUAFABQAUAFABQAUAFABQAUAcZ428TLp0H2a2b/SG6n+7QUkeZEtIxaTknvQUkKozUlDwvpQUKFoAXHQDqaAEbCcHk0DIXbNADMZoIFEZOaYCqhNMYEYoAbtPpikIeq/nQA8D3FSMeAPpQAjR5oGR7cUAGBTCwKSrBhwV5yKZNj0vwL4g+2wfZJz++WmZtHaUEi0AFABQAUAFABQAUAFABQAUAFABQAUAFAGZ4j/AORa1X/rzm/9ANc2L/3ep6P8jmxf+71PR/kaddJ0hQAUAFABQAUAFABQAUAFABQAUAFABQAUAFABQAUAJQBg+Kdej0WxJzmd+EWgdjyOeeS7uZJpn3O3JoNRgH51IxwFSA5RQMdigoOlAED5OaCbAkJb8qB2Lkdkdo7nFFwsTJYZz2ouOwpsvLXPU0XCxTltpBk807isQGJv/wBdO5NhAuKLhYkTJqQFyBQABgfY0FD3UGgCIqR70CGkYpiJ7C9l0+4WeE4daYmev+HNZi1ixWVT+8A+YVRkzZoEFABQAUAFABQAUAFABQAUAFABQAUAFAGZ4j/5FrVf+vOb/wBANc2L/wB3qej/ACObF/7vU9H+Rp10nSFABQAUAFABQAUAFABQAUAFABQAUAFABQAUAFABQBVvruOxtZLiY4jjGTQCPGvEGrS6xftM3Cfw/Sg0SKAGMD8TUljwM1JQoGKBDhxz3oKAUAKeeOtAD47bdj+VILFyK16UFWLcdv07UrjsTiL8BRcdh4h/GouFiGa2BXGM1VxWKMmnsc4qrk2IDp5H1ouFhrWRHTrQSV3ikTjrQBC2R7YpgKj9j1oAkIytAyMjFMkaeKYM2PCuttpGoqf+WTn56oyZ7DbzJcQLLHyjDIoIJqACgAoAKACgAoAKACgAoAKACgAoAKAMzxH/AMi1qv8A15zf+gGubF/7vU9H+RzYv/d6no/yNOuk6QoAKACgAoAKACgAoAKACgAoAKACgAoAKACgAoAaaBHm3j7XxPJ9ht2+VPvfWgtI4sA1JqiSpKFAxQA6gAIzQAqDLenagosRw9uvvUlF2CEcDr60gsXooAMY4pFWLCw47UgH+XmgAMdIBhTFABtFMCJ4Qe1AEDQgZ7UXFYrzQ54IzVXCxn3VtnOKEQ0ZzKY2xVolomRsrQAGmBGeKYiM0Enovw+17zYfsEz/AHPuVRm0d7QQxaBhQAUAFABQAUAFABQAUAFABQAUAZniP/kWtV/685v/AEA1zYv/AHep6P8AI5sX/u9T0f5GnXSdIUAFABQAUAFABQAUAFABQAUAFABQAUAFABQAlAHP+L9bGj6a2w/v5BhKAPI3Zncu3JYk5NSapCgVJaJFHSgYGgBCcUAKKALEMR4HpUmhopDjAHSpGXYYsUF2LKL3qR2JwvSkIdtoAClMCMpQA0rSAYy4oAidaVwsQSIadwsU5Y/WrRLRn3MIPNUiWioFI4qjMQ0wGmmIYaCSxY3bWd1HPFw6kGqE0ezaFqkWq2KTRtk96DNmpQIKACgAoAKACgAoAKACgAoAKACgDM8R/wDItar/ANec3/oBrmxf+71PR/kc2L/3ep6P8jTrpOkKACgAoAKACgAoAKACgAoAKACgAoAKACgAoAhnmWCJpJDhFGTQCPHPE2sNq+os/wDyyXhPpQaIyhUlDxjrSKHFqAsIWxQFhoOWpEosQRbvx70jVGrbW44qSkX44cVJoiykeKkolVKQEwSmA8R0AGymAwpQAwrikBEy0AMZaAIHSgCrMlUiCk6ZzVIkzZkxn1U0zOxEaokYaYxuM1RIh59qQmdZ8PtX+y332eR/klqiGj1MHPNBA+gAoAKACgAoAKACgAoAKACgAoAzPEf/ACLWq/8AXnN/6Aa5sX/u9T0f5HNi/wDd6no/yNOuk6QoAKACgAoAKACgAoAKACgAoAKACgAoAKAENAHC/EPXBb232GJvmb7/ANKCkeck5oNEKOMVIC7qRQm41QXELZoC4+FS7gfmagEbFrHnFI1RrQw4x7DvWZSLSLjFItEyikMkVaQEqrTAkC0AO20wGlaAImSkBC60ARstAETLmgCtImc0IkpSR4yatCM68i6EDrxVENFA1RmxKYDfWqJACoAltJfs91FKONrA1QrHtWjXYu9PiccnFUYmjQAUAFABQAUAFABQAUAFABQAUAZniP8A5FrVf+vOb/0A1zYv/d6no/yObF/7vU9H+Rp10nSFABQAUAFABQAUAFABQAUAFABQAUAFACUCM7W9Tj0mwkuJO33R70DPFtQvZb+8luJXy8hJoNivmpAQmmAZoAM0AGc0AX7CLP1bik2WjetYgFFZM1ReQYqCidB0oGTKKQyRBUgSqKoY8CgB4WmAhWgCJ1pAQuKAIWFAELjFAELjFBJWkUVRJn3UeUNUiGZTL1q0QyPFMQ0igQu2kAoAP40wO+8Aapx9lc1ZmzvaDNjqBhQAUAFABQAUAFABQAUAFAGZ4j/5FrVf+vOb/wBANc2L/wB3qej/ACObF/7vU9H+Rp10nSFABQAUAFABQAUAFABQAUAFABQAUAFADScUAeT+Pda+36j5ET/uYP50FJHKGg0DNSAZpgJmgAzQA6NSzAepxQBv2EO1RWbZaNWMbVAqGaonVwKAJ0bNBRMpqRk6UgJFFBRKBQA/bTACtAETqaQEDigCFxigCu4oAgcUEkDiqJKU65yKpCZlSJhzVohkZWgQ0pQSG3pQMMYpgX9E1D+z7+OTsTgirM2ew2c4uLaOUc7gKDNlmgQUAFABQAUAFABQAUAFABQBmeI/+Ra1X/rzm/8AQDXNi/8Ad6no/wAjmxf+71PR/kaddJ0hQAUAFABQAUAFABQAUAFABQAUAFABQBznjLWP7J0h9p/fzZVKBo8fdiWJPJY55oLQykUGaBBmgABoABzQCL2nw5Yueg4qS0axmjt0+brSsVcqyalK/wB35QKLBccl7IvLEkelFhJl2DVlGM80rFKRoW+pQvgbxU8pfMaUcobpg5FTylcxdhjLYHSgCwISOO9IY8R4oEBjxSGRyRkLTArPGRzQBWfjNKwFVzVWAryGlYVyu5qrE3KsxzQkFzOmA3ZrRESIyo4NAhpHWgAIoAYV/MUARt+XvTM2eieAtW862a3kkyymqM2jtaZI6gAoAKACgAoAKACgAoAKAMzxH/yLWq/9ec3/AKAa5sX/ALvU9H+RzYv/AHep6P8AI066TpCgAoAKACgAoAKACgAoAKACgAoAKAGk4oA8g8cat/aOryIp/dW+UWgtI5omgtBmkIKCQ68UFB7UAPRSzAdyaCkbVtF5aADsKkpAuntM5MhIzSuVYuR6OvGTk0XCxN/Zi9/w6UXBxIJNJlH+r5780rktFSSwlVuUKk+lUIlgnvbVwPMyFpFG9a6xK+3qM44qDQ3LS53qD61JRplcrQTcjYUFDJSq/wA6QihdXMQzzigDKuL2FFJ8zgVdhORlS6tF2yeadiHIrSaqOcc07BcrSajnocGnYm4Ld78g/gaLFJkc3egTGdcUAJjOaAEbjn0NAEbnFAETnNMhlnSdRk028jmV8JkA1RLR7Fo98l/ZxyqeopmRoUAFABQAUAFABQAUAFABQBmeI/8AkWtV/wCvOb/0A1zYv/d6no/yObF/7vU9H+Rp10nSFABQAUAFABQAUAFABQAUAFABQAlAjmvGuuDSNMKx/wDHzPlY6C4o8hdick855zSLGmgAoEFABimMB+tAF7TocuH/AAqWWjbjiwuayZqi3AmOaBlgUDJE5pXHYsIoNFwsT+VHIvI60XE0QSWMRyD0p8xPKQmyC428d6QzRszsUCpKNRJTtHf3oEDTdeMYoAy72ZirY6npQNnPXqXEnAJ56VRLMxtOnbPU1aZnYF0u4b+CqTJ5R39iSHngGi4+Ua+jkL9/JxRcOUpT20tvjqQPShsLEgbfFUjEU0xgDQAyTvQSQsc0wICetMkQtiqJOy8Ba79nlNrLJ8jdKCWemK25QRyDQZskoGFABQAUAFABQAUAFAGZ4j/5FrVf+vOb/wBANc2L/wB3qej/ACObF/7vU9H+Rp10nSFABQAUAFABQAUAFABQAUAFABQBDNKsMTSPwq80AeMeKNVk1XU5ZCfkX5UHtQaRRjE0hiGgAoEBoATrTGSIvzAd6ANzTYc4HZRUM0RsLFhcVkzVBwlIZG9xjpyaChou2GcyBRV2IuWIdRiHW5AosFywl8G4EiN9Kiw0y3FcrJ7kcGkUTE980CHRnDVIy9CaoBszYzQBRkOc1I2RMmcVRDGhFGfWncVhkgAp3K5Sq5Az3ouKxETRcLFe4USKR61SZFjKNv5fmDselUIrE4agAJoAaWzQSQvx0+tMCFz196ZIwmqJJLeUwSq44KkGgTPZPC2qLqOnKRyV4oIZu0CCgAoAKACgAoAKACgDM8R/8i1qv/XnN/6Aa5sX/u9T0f5HNi/93qej/I066TpCgAoAKACgAoAKACgAoAKACgAoAwfGFx9n0OYj+LigaPG5GyxPqaRoiIk0CENACimMVRnpyfai4WHCM98ilcLE9vF82T2pBY6PTo8IPzrNm8TTVcrUMsq3qyBCV4I5osBiPcSlsAdeKqwi0NIkktZJjP5jgcAVpEyMm1SKO5ja6SRoM/MI+tWIdawym5j8vf8AMf0zUscTplWa0Ybv3gXncOuPesmjeLNaJt8AcYIIzxUDBHw1AzRt5Bt+lAyK5l60gKJfLUCEuZRbp83HsaoRjXmtxRNzubvhKrlM+Ypya9Cy/wDHt/49VcpPMMTUoZPuuY/Y0cpXMWo7k8Z5H94VPKPmJS2VoAieIFT6igDHuPklIqkQRFjVMkTNADWHagCBhiggbVEjTSEdx8OtRKTNCT8lUI9OoJCgAoAKACgAoAKACgDM8R/8i1qv/XnN/wCgGubF/wC71PR/kc2L/wB3qej/ACNOuk6QoAKACgAoAKACgAoAKACgAoAKAOW8fNjRCPU0DR5K9I0RGaBCEUAAFNjRraIi/aAG/jUis2y0i19h+abtt5FK5diskeHxVImxu2eOKzZpE0YxWbNBWhDU7gUZNPBbgYBp3JBLGRGPkylatSFykf8AYUrPu3g96HIXKTQaG0LbzPg+1HMCiTrZDvLId2By340rlpFqMeVFsXoT3qBjQccUDLkcmFoGVrh85pARwNidSelAitfRy/ammkgMqDGzpjHeqEYevLFPPG8aFcjDD+6a0MbFKQSSwRQyOmyPPl8c8nuaomxrWWjr9g/0iP5+tAjKmiktJcRSZT0qRmlZM0i5PAHSszUtuMKaAMC/4lrREFc1TJDNAATmgCNhQIhYVRI2kI0/Dd79j1OLsjHmqJPbbaTzbeN/7wFBBPQAUAFABQAUAFABQBmeI/8AkWtV/wCvOb/0A1zYv/d6no/yObF/7vU9H+Rp10nSFABQAUAFABQAUAFABQAUAFABQBx3xDP/ABK1FBUTy1xigsZikApFSAmKtAXLObyp4X9Mc1LKN+6Y7zjo4zWZq2ZsRBnOOgqiTZtD0qGaI0oxnFZstFlFzQUSeUD70AAgA6cUxEoi6dKYCGMCgZDIv6UAQSUgI8/NQBZRsLQBWmYmgBqGkBajkbbjPBpgRyW6vndGD7mncmxSk0uHrGNpHpVXJsQvp7HrK59iTU8wcpA+nRjGBn3NHMHKTpD5a8cUCsNkOFOaAMDUR89akMrE1RDG5FIBu78RQA0nNACEA0EkZqhAjFGDDqvNAHtnhW4Nzods7ddtMzNmgkWgYUAFABQAUAFAGZ4j/wCRa1X/AK85v/QDXNi/93qej/I5sX/u9T0f5GnXSdIUAFABQAUAFABQAUAFABQAUAFAHGfEX/kGx0FRPMnHSgsjxnikUP21IDSuOn1q0SPXlPoallG8JBNpyt3VcVmVcp2wwx9xVAbFnUM1RrQ1my0XEGaRRIBQBJQMaTVANJpARyf0oAqSHFMREpJagCwOFoGVZjigAjOaBFyMdPWkBKM0rjsNZc07isRugNAiB48UAQSL3poTRSuW61aIZh3oy2etWQyrO43ADjbwaohkRNMkTOaAEPFADSTQSMJoGGaAPX/h9J5nhqD2yKZmzqKCRaBhQAUAFABQAUAZniP/AJFrVf8Arzm/9ANc2L/3ep6P8jmxf+71PR/kaddJ0hQAUAFABQAUAFABQAUAFABQAUAch8QV3aYtBSPLyPXvSKQm3DUiiQCgojKgfTtQSJGcZoA0babbbyJ2apLJI1ww9wKCjWteMVLNEa0HasmaIuR0hkgoAkoAbjNAAVqhjXj+UnoBQBkzSEuQPpQSSQqTQMtlPlHtQFijcrjNA7Edu2Xx60CNJEIoAkApDGkUAMIzTJIytAiGRaAZh3bEXMiHpwauJkzLmIDc9F5rUzM853euec0CENIkXNUAwk0AMJoAQ0iRUUySqg/ixiqA9y8O6eNN0e3tx/CvNBma1ABQAUAFABQAUAFAGZ4j/wCRa1X/AK85v/QDXNi/93qej/I5sX/u9T0f5GnXSdIUAFABQAUAFABQAUAFABQAUAFAGB4wtftOiy4/h5oKR4/JwxpFIMg0ihQfzoKHlMxFs8igkjIoA2LC2ElsD36VJY+6i8t4z2IxQUX7XtUs0RpwHpWTNEXY+aQydaAHAUDH7elAC7aoCrqEojtiB99sCgDOihwvPNBJdtYwaBl77NlKAuZ13DjNA7maUMbq46KaBG+sYKKeobBoAjZetIY0igBhGKYEbUElaU4oEzG1IYbeOvTiriZMwrl8uFHfk1qZEBH+FBI3FIAIqgIyaAGE0AJmmSaPhuLz9bsk/wCmgpge6qML9KRmPoAKACgAoAKACgAoAzPEf/Itar/15zf+gGubF/7vU9H+RzYv/d6no/yNOuk6QoAKACgAoAKACgAoAKACgAoAKAILiITwSRnkMMGkCPFfEdidP1OWP/azVFozA2KgseGoGKrkfQ0xCFqAJ7a8lt8iPv60iixHeyzzhZMcVIzetOVFSzRGlDWTNUW4zSKLKUDJQMUAPx0oARjjimMzNQBMsY7cmgB0YG0DsKBD43CtQBbNz8vFAylPJub6mgCKSPKUiS/ZMTbRg9uKYErL1x3oGQuMUgImqgIX4oAqTGkKRjai3ykmtYmEjnpW/ft9cVoYDScUwEzmkMG9KAIzTJGHFADTVCZ2Hw50t7jVjdMv7uCglnrIpEi0AFABQAUAFABQAUAZniP/AJFrVf8Arzm/9ANc2L/3ep6P8jmxf+71PR/kaddJ0hQAUAFABQAUAFABQAUAFABQAUAJSBHnfxI0skJdx1RaPPs4pDHAigoM0gAmgBc9KAHwtidT70ijqdPOVFZs1RqxdqyZqi3HSKJ0PSgZOhzQBMBmgBjimMzb8EMrdl4oAryKZFA34FAiKKMwcLISPQ0AWGeQUDItsjtnzCOKAJdxCfNyelIkv2PES0wLZFAyvIKQFeQ1QFeTjNAFOZutIiRiagc/ia1iYyMGdgZ2K9M1qYjC2aoA3UhCFs0ANNIBpFADoITLLGg53YqhM9s8M6WmmaVFGgwWALUEs2qRIUAFABQAUAFABQAUAZniP/kWtV/685v/AEA1zYv/AHep6P8AI5sX/u9T0f5GnXSdIUAFABQAUAFABQAUAFABQAUAFABQBnazp66jYyQnkkcUAeK6pYtYXkkMg9RTLKnSgoUGpAUUDFoATOPwoA6fSJd6KfUVkzVG3CelZM2RajNIonSgCVGxSGWEOaAGu1AylcAMpzTApEY6dDQMfFF360AWJPmUe1MVymwIpBcVFy2etAGhbNjFAF1mytMCrIwoAruetICCY56UxGfMcU0TI57WpsKR03cVqjnkY3pWhkGaADNMQZoABUjFIoA6HwPpRv8AVFfHyRdaolnsKgAY9KCWPoEFABQAUAFABQAUAFAGZ4j/AORa1X/rzm/9ANc2L/3ep6P8jmxf+71PR/kaddJ0hQAUAFABQAUAFABQAUAFABQAUAFABQBwXxB0QSw/bYl5/jpjR5wVx+FBQCpKACgYu2gBGFAGvoU/WM9V5FZstHUQnNZs2RbjNQaEynFAEgIpDJA9ADZJKBlWSTrTAhDUxjxLs5oAcblTwOKAsQPJn2pBYajYagRdhbpQBZEvy4pgQyNQBCzUgK8h60xFG5bGatGcjktUm8y4IzkLWqMJFLOa0MQoAM0hgDQA4UDDOaAPR/hi0Ztrgf8ALTNBDO+oIFoGFABQAUAFABQAUAFAGZ4j/wCRa1X/AK85v/QDXNi/93qej/I5sX/u9T0f5GnXSdIUAFABQAUAFABQAUAFABQAUAFABQAUAVb63W6s5Ym5DKRSBHimr2v2W+lh6YNUaoogYqRjgKkBcUwEYZ5oAksZTBdK3QNwaTGjsbV8qDWbNos0I2/OszQlU0iiQNSGBegCvcTBaYGfJehenJqhkQumOOcUyiyl0Cg8yTOOMGgAupgGHl8Y54qSiq10d3Jz9aZJLFcA/WlYkvQyZx3qbElkPTGNZqAImNMZBI3WqJMfU7jy4mPSqSMZs5Rzlie55rZI52NqhCZoAM0gDNAATQAZoA6HwRrH9l6wm8/upflagk9kRg6hh0NBJJQAUAFABQAUAFABQAUAZniP/kWtV/685v8A0A1zYv8A3ep6P8jmxf8Au9T0f5GnXSdIUAFABQAUAFABQAUAFABQAUAFABQAUAMNIEeR+OIwmtNVGqOdqRigVIBnFMBCcfSgBhoY0dFod75kQQ9V4NZstM34nzWRsWEakMfnFMshmlK9OSaAMW7nnDkNzmmBXErH+BuKYxS5GDig0JFlB/rQAjyj3oAhMtBI4XGMCnYkuWd7h8dRU2JNhHz+NSAE0ANY0wKlw2M1RJzGuXO5xGD05reKMJsxzVtGDEJoGLQAykAZoATNAgzQA5GKMGHG3kUDPafBmof2hocLH7yfKaCWdDQSFABQAUAFABQAUAFAGZ4j/wCRa1X/AK85v/QDXNi/93qej/I5sX/u9T0f5GnXSdIUAFABQAUAFABQAUAFABQAUAFABQAUAMbhTQCPIPGUnm6tLTNUYBqRhmgBC1IBCaADNMSJ7G5+zTh+x4pFpnWWs4kQY5B71k0bJmhG2azZoiXNIYYz70AZ9/bbuRzg0yijGhHvQMmjhB9u9UWPNoDkA5wM0FB9gL9Dgjt70AQT2hi4PVcZoJK5TOKdzMuWNt8p9GqbiNOMELj0qRDyaAInfFCQNmXqN0IYmY9u1aJGTZyMr+Y5duSxrcwbIzTM2IaBiUAFACGgApgFAAaBHofwsumIurc/UUCPSKRIUAFABQAUAFABQAUAZniP/kWtV/685v8A0A1zYv8A3ep6P8jmxf8Au9T0f5GnXSdIUAFABQAUAFABQAUAFABQAUAFABQAUAV7uTy7aV/RTTBHiusz+ffyt15oNUUDUjGE0AJmmAuaADNMQEZqQua2i3pDCFu33c1DRpFnS20mcVizoiXQc1JQooAcyZX60AVZLMHJ6GgohMRXjBplgR170DBSy8jg5yDQBG8LS+pLc0CHx6fj73PtRcgtLGEqbiFpiEc4oAo3MwVTnoKtIiTOV1O9NzKQv3FrVI55Mzya0MrgaoBMVIwxQAtADaAAigAoAMUxnZ/DOXbqci/3hQSerCkQLQAUAFABQAUAFABQBmeI/wDkWtV/685v/QDXNi/93qej/I5sX/u9T0f5GnXSdIUAFABQAUAFABQAUAFABQAUAFABQAUAc/4u1AWelSAffYUDR5FI25ie7c0FoiakUMJoAaaYh2aAEBpAGaAFVtjAjgrzmiQ4nUaVf+YgzwawkjeLNuN881JpcmQ5xUjLCAGgZII6kBfs4PWgoBaKaoBz2sYoAjMQ9gKAI3UCkIgk4oAiJpiK88oCnNMkyp5i8sYP3C4B+ma0iZyMrxBZi2viY+EfkAVtEwkZRqiBCaAFoAOtSAYoKE4oAMUwF20AFAjqPh42NdHuKYHr4pGYtABQAUAFABQAUAFAGZ4j/wCRa1X/AK85v/QDXNi/93qej/I5sX/u9T0f5GnXSdIUAFABQAUAFABQAUAFABQAUAFABQAwnHXtQB5j481X7TdmGNvkWgtHIk0Foic0gIyaAEJ/GmIUGgABpALmgAzQwL2nz+W+OobtUNFXOjtrrGM8g96yNkzRt5c4pGqNCE5qRlpKkCVB0oAnC1QDXAFAFaSgCtIaQypIcUAVJJsZpkFSUF6YjPuyRgjquDWkSJEWtnzLCKZvvuRW0TCRgGqIENABmgBd1SA0mgoBQA4Uih+KAExQSbPhGbyNdt/c1QHtKHKg+uKDIkoAKACgAoAKACgAoAzPEf8AyLWq/wDXnN/6Aa5sX/u9T0f5HNi/93qej/I066TpCgAoAKACgAoAKACgAoAKACgAoASgDn/FWsJptiwBxI1A7HktzcGednbncckmkakDNQBCTTENJoAbmgQZoAdmgYuaAFBxSAep6HpikUathe9A3H1rNmiNq3kI5TnvjtUM0RqWl2G9QfSpKNBJqQyZJaRRKLjrQAjy5oEQvJQBVkfrQBRkcngUAQlfxoJIpRjNUBkXx65rSJEilrN2JFghXny1HIreJzyMw0yRtACUABNSAmaAHA9KAJA2OKRQoP50AGM0mCLFhIYb2F+6sKpAz3SybfaxN6qKZiWKAFoAKACgAoAKACgDM8R/8i1qv/XnN/6Aa5sX/u9T0f5HNi/93qej/I066TpCgAoAKACgAoAKACgAoAKACgAoAq315HZWzSynAFAI8g8R6xJql4zb/wB3zgUGiRiE4pFDS1AEZJpiGE0AAGaBC5oAUUDHDvQAopgOWpKLEQxUMpGrZy4wBkH0rNmiNWOQnG7qOjCoNC7FO31pDLSXNIokFxmgBfOzQIjMhNAEbjPWgBvl0ANdQKkCnPVAYeothTW0TCRiO2WOa3iYSGE0xAaAEoAaakBaAD6UAPBplCigCQc1DBFrTYfNvIU65YVSBnuVmuy1iX0UUzEnoAWgAoAKACgAoAKAMzxH/wAi1qv/AF5zf+gGubF/7vU9H+RzYv8A3ep6P8jTrpOkKACgAoAKACgAoAKACgAoASgRHLKsMZd2wq9TQM8y8Y+JPt8pt7dv3S0i0jj3b8feg0RETmmIaTQA3FAhpoAUCmSLzQAoFIsKAHigBwFSBZtl+bGQCexqWWjSjt5R1j99w5rNmyLdtKfqKko0Y/XqKRRcQk1IEoFAC80ABFAARQAw0AROaQFObv3qgMbU4sqeua0izORguCGroiznkhpouTYTH50wAigQlABSATFADxSGPAoKJADUsEbvhO1+0apDgdDmqQmexIMKB7CmYj6ACgAoAKACgAoAKAMzxH/yLWq/9ec3/oBrmxf+71PR/kc2L/3ep6P8jTrpOkKACgAoAKACgAoAKACgAoArXN5DbLmV9tA0jl/EN0+o2xggl8pfagpRPP73R7mDO7n3pGliibaTpgn0FAhRYzdfLxzTAgeBg2AM0AMKkfjQIbigAxikAoWgCR0Ib680xjAOtADgKAHCpAePyNJjRqadqxgwsgzjg1DNkbcItLz5o+H9utZGhYS2ZOkmRUlFqNSMZ60ATBaADFACmgBjUARsaAIHNICCQZqgK0sIkzmqTM2Zy6GZ2mC9lyorZMzaKQ8P3373/Rz+6GaaZDRmyRNG2GGPXNWiGMxTEGKADFIAAoAcBSGTRRGRsDOTQUWxp1wFz5TEVLGdx4AsMO8zrhlqkRI7+mZBQAUAFABQAUAFABQBmeI/+Ra1X/rzm/8AQDXNi/8Ad6no/wAjmxf+71PR/kaddJ0hQAUAFABQAUAJTFcKQyldajBa8SSDf6Ux2Me51uaVtsP7taCkilt8xt0r+YT3NBZMgWP7vU0AQTQQy8yR5pCI/ssK8LAg/AUFFWTTllbJGR/SpEOaxt41/dwDPvQBzOu2SxsPL75NMDEMLc/u+nWgByWssjBVTmkFi9Fpbb/mT+EH86RVixPo5XHl/vEYcZouIjm0c+VGwTB/i+tFwMwoVYjoV4xVCGlaChQPSkxomhGcZ496hmiNa0tu44rFmxuWayDG45A4qGBdQdO1AD80ABNADCaAEJpARMaoCFjmgRGy0EjSlNAyXR5N2rLCOflO41qiGdayxpESUHPFWjI89+IESxXVoVTbvQ5q0ScmDiqIFzQACkAoHQUFE0MRkbjk+1IZvaTpxV1do3PepKOihHTCYIpoGbmmaiLNTHJHwT94VaM3E3YLuGfmOQHNIixPQTYdQMKACgAoAKACgDM8R/8AItar/wBec3/oBrmxf+71PR/kc2L/AN3qej/I066TpCgAoAKACgBKAKdzqEUOf4mHagaRi6nqs8vyxfuxQUomRtkbnr9aY7EiRtz60FWHhGGO4pASKCKAHEY570CALnB7UFD8CpEOkjBTgZNAGLNbCSc8bnbj/wCsKRRVm0ghG/d43UAT6ZpARg55C80BctPZBIpXA9s+2eKkdya2s/8ARYvkyB81OxJO9mvkSDGdx3/jmiwHDa9aiDU5dv3GwaYzPaPH0oGEaA59c8UmUjYsLJZP9YlQzRG1a2sUUZC8g1kzQtJGBwBWbAlAxxVAKRQAhoAa1ADCaQETVQDCKBjcdaCSKZvLQnq54ApoGSaTF9nnhf8AjZhmtUZs6yY5wD06mrRicD8Qm3T2Q9ENWiTksZ6UCEwfTvQBMLaUru8tiB3pgPS0m+U+Wdjd6BnY6fp0McUThMOAPlpAasKgLxgfSpKHgkcU0TzCvk5q0BGjyo2RwR0xTFY1tP1mUMEn+Yf3qCbG5DeQz/cfn0qSCegB1ABQAUAFAGZ4j/5FrVf+vOb/ANANc2L/AN3qej/I5sX/ALvU9H+Rp10nSFACUAIaBWKd1qMNtkfecfwigpIyJ9SmuuBmNPagpIhKZ9qCiIxZc55HpQAbenegYpUCgBBxQBJQBGRmgB4GaAAjFIAB/KkAhaOPO1MY70gIrWKS4n8xunRVNA7mh5Bji2/5/wA80gIbpB5BX2AoAdbkrax+nOc0yS4iDoBw1BRx3imx8y+l2/3Qak0Rzgti6+pU9KLjaCO2+fvntQ2CRv2EW1Ae59axZsjQQYqBk6r6UAOAoAQ0AMNAxrUAMY0CImqgGk1IDHkEaljwBVANgYyruKdf5U2JDy21g3pg4polnVoQ6F/XAH5f/XrUwMHU9Miu7q3eRN23IwaZJH/wh9izl/XnFMRdtfDVhAgxBnDdaALo060VCFgQdSRQBWmsYY8bYl2A5/3T7UAV5rcDlePpQBHESnBpgTKM5NAEirmqAf5YoAYYyvK/lQBOBIOfyxQItQ6pLB/rPmSglo1ba+huPuNzQTYtUCFoAKAMzxH/AMi1qv8A15zf+gGubF/7vU9H+RzYv/d6no/yNOuk6QoASgSMnUdSCP5EJzJ/Ef7tBokYszYbnl2oLSJ40wooKSFGRnuKBDGGOnSgAVCaBCMPm+lAAFoACMUAIBnFSBMiZ+lACPERQBHtI/CpAhRTcvtH3F70wNKCMRcDv3oFcllGVGO9ICtdDERHcdaAGW3+oi9GyKYGhCRsh/2cg0FHO+JBt1EY/iQVLNImBPEyMHjH+8Khs1sSQ+VLyB84/hNDYWLkYxioYyyhqCiwvNAC5oAQ0AMJoGNY0ARNQIjc1QEDybf6CgCAq0soL/cWqAsbscYxikxIaeFJ9BTRLOus1P8AZ0BOclQTWpgVzHvx/stmmSTx5HGOKYiUYoAaBjNIBklAEBjAz6E0gK0tv+VUA1FIpgTAYYVQCkEUAAFAEnReOTQIGXK4oKSK0bYYjo6mglo27DUdzCGb7/agho1aCRaAMzxH/wAi1qv/AF5zf+gGubF/7vU9H+RzYv8A3ep6P8jTrpOkKAKl9OLe1ll6FQcUAjkLLJVpmyXkJOTQaotQR+Y5frz1oGWgRuxnkVIEhjB9jTGKIwPc0AD4VaBlMHLemaCRRQIRuaALEMOaQycIBxQA1+M5qRmdNuuZTDDwB940AaFtbR28QUcn1NMROBhs0CGv909sc0hlV18xMDktTAeEMaRr3XJoAnhOGHo3NBRj+I4919Ee5Ss2XEyiv5+9Zs1IntA7bh8rimBIr7cbto96QyxGc88EVJROpoAeGoFcQnrQFxpFAxjLQBG3qePegCpcTheF/eOeMCmBHHbszb5jz/dpgTBBQAojzSAVoiy7R1YgVcSJHYFdkCoP4VArVHOyrGR57L03dKGCH4oJHgYoAU0AQkktjtQAqoT9PQ0wI5FAYjt2zVAQlcUAIwxz6UAWkAZRxnigBDEOvSgA8ong9KAAjFAFO6jIw46imBDdEyQcZDqMgimB0Oh3hvdPR35kHDUjJo06CUZviP8A5FrVf+vOb/0A1zYv/d6no/yOfF/7vU9H+Rp10nSFAGD4nuNtn5Q6tQUjBhOIFA+lBqjUhTZEB04oEOG0/WpAkHHvTGKDQAyYk8dqBkKpnNBIu0igZNDBnntQBZCYxSENkbb9fSgCjdMwXjqePxpDLmn2Qt4ueXblqAJJCUY56etAgA3YxgigQjACkMSPIbjmmASD52/AUAEfK+680FGbrg3XkJ7FKzZpEzmXtWbNRNnWgBjxB+vQ1JRB9ikTmCUj2PIoAlia4XiSMH3FAExuY04YEetArDPtsPP7ygLE0DfaP9Xz39KBkEkkvSKMH3oAjFlNJzNJx/dFAE6W8afdTFMAMdIBPLoAPLpgS28O+6hX1YGriRI6SQ5rVHOylKMSihgiyDnn86CQYCgBuc0AJEu5z6CgCfyTuyOKYEc8Mh9CR6VQFJgenegBGXvQBJCSPpQUTk0AITQSRPHnk+tACOuVPekBQzsyv1FUBc8Ky7ZZoexJoIkjqBQQZviP/kWtV/685v8A0A1zYv8A3ep6P8jmxf8Au9T0f5GlXSdIhoA47X7nznk7qWAFBqkRWabnX2xxQNmrt/OkAwAfjQAoJGaZRIDn6UANc4Uk96QgiSgCVYxxmgRMox9KAEd8dOtAyrJLjvkntQAy1Qz3ik9F5xQM18YqSRHUHI4INAFURhZcDP0oAdtJbnmgB6jZk+lUAyZMQE9zzSAZAccUFGbrYxdQD+AqeayZpBlUrmsmbXGhRQAGPNACBcdqBij0oAQoD6GkACKP/nmKABQB04FADwMe1AAQKBiYzigBNgoEBWgBNtMCxp67rxewXJrSJlI2WrUwKswzQAbyuCKQEwwcHsaAFZe3rTGSQxhVHqeTQSSDjPqKYgZs0AVZIgeelAyJ0xVANjxSGSE0ANJpCGkZoAcq/KaYFG9Qh9w4qgK2mS+TdMe4IOKQpHaxuJEDDo1BkUfEf/Itar/15zf+gGubF/7vU9H+RzYv/d6no/yNKuk6Sjqtx9msZX6HGFoGcbdEbYh1yc80G6Ro6euzr99h+lAmaBGOtQIZigBCKYD0GeelAEZBkfHYUxlhFoAkHFAhkkm2gCB3JoGMRMtk/nQBes0CsfU0DLmfyqSRhIoAa6h+iYPrQAsRJyG4IoAHGWA/GqAS5GUpAVIuM0FBqdv59nxy8fzCoY4sxlIKj3rJmyYoFSMQigAIzQWMIoACOlIBcUAFAAKAA0DHUAJQIKAEIpklvSFy8remBWkTKRqSVqZFeQZoAYVzSAdCp3e3pQBdjUD3NMY4+1BI3OfrTGKfbpQBE4B4oERuvWqArj5HHo1IY88c9qAIzSEOAzQA9BQBWvYw6ccOOaYGTAv+kntkGmM6nQbjzbYoeTGcUGUh/iP/AJFrVf8Arzm/9ANc2L/3ep6P8jkxf+71PR/kaVdJ0HN+Krg4jgX/AHjQaRRgfxxegyTQam5p0OIt56t0+lBJZbmoGRmgACmgQ8khaoBIxhcnqaBkoOPagBjzAdOaQEDOTnNUABc4pASxjFAFmNsY/KkBb4FABjPbApCHYAoAGGaYhgHzmgoZMetAFZPvGgCzESc+lIZz9zEILqSPGO61jJGsWNqTQKAEqShpAoAQ0AJmgAFAC5oAWgYlABmgQZoACaYpGjoy4tye7MTWsUYyLzCtDIjdc0AMIoAfCMOO1AFjHzdetMQ6gBrDNAEYJGRQAFvwNAyMnNAEUgz9RzTAEOUoAaQaQgFAEi0DI7qMumR1XkUwM7yfm3Dvk0DRc0SXyroej8UESRqeI/8AkWtV/wCvOb/0A1z4v/d6no/yOLF/7vU9H+RoscLXSdCOK1afz7mWTsDhPw4oNooqxoZZ41HsD9M1JR0ka7Y8DjHFBIGkMaRQAgFAgblhVABfFAyNpDzQAwHNIB23NUA9BjFICQED60AOBpAWoZM4B6igCyBTEFAAeKQiMtjJ7UFFd2Jb69qAIyMPQBPGQMUgKGsxZWOTuv8AKoki4szhWRuFABUlCGgBhGKAENABQAmc0AANAwJoAN1AgzQA2Q4X68fjTRMjo7G2ENvGnoAK6IIwkSSCrIInFAERGKAJhFlcigB3lgLlck/rSGJ5hGM9RQBKrA0ANdQaAK0oxQIjDkZFAChs/WmA0cMRQA4gUhABmgBQMVIx9UBCYc5pDKiAxxBxtypoCxp61KJfCmpv1zZzf+gGscX/ALvU9H+R5+L/AN3qej/In1y6+zadM3RtpxXSdSOC027a/gmDffjoNUaWjjM5f0AWkM6EHrUgFAhDigBOmaAG4qgG7M80gAx0AG2gAANADhQApNAAppASI2MY4IqgLqSgqMYyaQh4OaAB2wtAEa5PJ6dqAEC4cE9fSgCvIM5x60ASRnODSAdPH5sDIf4hipKOeAIyp6rkVi0bxYtCLCpGIaAENAARmgBpWgBvtQAhoAQmgAoEgBoBiwp515AnqwJq0TNnVouMVsjnYjqKsCArigBgXPNICeLI69KAHspHTp6UARSjOPXvQBF936ikMkMuU/26AITzzQIYUqgGhcUCAjpQA6pAXigAxQA4UAOPFAyjKNqEehNADZ59/hXWI/7trN/6Aaxxf+71PR/kcOMX+z1PR/kU/FWtJ9oktU+byx+tdJ0IyfDQXyLmZY6DVGnoa9T/ALRNIZunpUgFIQw0AApgGMVQBSAKAExQAu2gBKAExQAoFIBwNUBIjYpDJQ2MYoAkAY0EjnbHAoAiPHOeTxQAwL19BQAkJ6ikBZH3RUlGHqcXlXG7+/8AzqJI1iyvUGgVJQUAFABigBpFADSMUANINADcUAFAkJ0oBmhoMW+4ml7LhRWqMpM6CtkYjG5pjIZfT1oAUJjpSAkxv9iKAAE0AI4oAgZcUhjQBQAuKBCEVQDCKkQ0igAFADqAFoAXNACmkMqTDDkHoeaAM7VX8jRNRH9+2kH/AI6axxf8Cfo/yOTGL/Z6n+F/kYTaTrF7eT3ElrOhlkJO6Jh/Su1M0N7TNGnsLMxeVKzHvsNSy4tE2l2VzHFh7eZcseqEVJd0axhl/wCeT/8AfJqbBdAYZf8Anm//AHyaLBdCGCX/AJ5P/wB8miwroZ5E3/PKT/vk0x3QjQzdoZP++TQF0AgmP/LKT/vk0BdD/Il/55v/AN8mgLoBBKf+WT/98mmF0KYJf+eb/wDfJoC6AwS/883/AO+TSHdCeRL/AM8n/wC+TQTdCiCX/nm//fJoHdDhBL/zzf8A75NAXQvkyD/lm/8A3yaYXRIsUgI+RvyoC6Jgj/3W/KgLoY0b5PyN+VAXQwRSEj5G/KgLoc0L44RvyoC6GxwuHPyN1HapsF0ThG5+U/lRYV0UNWtZJoMpE7MnIABOahplxkjMFpcn/l3m/wC+DWbi+xspx7jvslz/AM+83/fBqeV9g549xPslz/z7zf8AfBpcsuwc8e4Czuf+feX/AL4NPlfYfPHuL9juP+feX/vg0cr7Bzx7im0uP+feX/vg0cr7Bzx7jTZ3P/PvL/3waOV9g549xps7n/n3m/74NHK+w+ePcb9iuf8An3m/74NHK+wc8e4GyueP9Gm/74NHLLsLnj3GvY3W04tpj/wA0+V9g549zZ0W1eCyQPG6s2WYMpBFbxTOdyReKt/db8qom6DY390/lTKuhjxOW+635UBdCFJBzsb8qQroVUfjCMufamF0O2v/AHW/KkF0IyP/AHW/KgLoieKQ9Eb8qAuhghkH/LN/yqbBdAYpP+eb/wDfJosF0IYZf+eb/wDfJqhXQ0wy/wDPN/8Avk0Duhphm/55P/3yaAuhBBL/AM8n/wC+TU2C6HCGX/nk/wD3yaoLoUQy/wDPN/8Avk0BdC+TL/zzf/vk1NguhfJlx/q3/wC+TTsK6K8tvMXGIZD/AMBNFh3Rl+Ibab+w7wmGTC28hJ2nj5TXPi/4E/R/kcmMa+r1P8L/ACP/2Q==', 12),
(19, '121benitooo', '', '2025-12-11 21:19:00', 'manila', 'Admin', 'Active', '2025-12-08 21:17:36', NULL, 10),
(20, '121benitoooqw12212', '', '2025-12-11 21:20:00', 'manila', 'Admin', 'Active', '2025-12-08 21:18:40', NULL, 10),
(21, 'lol', '', '2025-12-11 23:18:00', 'manila', 'Admin', 'TBA', '2025-12-08 21:19:01', NULL, 10);

-- --------------------------------------------------------

--
-- Table structure for table `notifications`
--

CREATE TABLE `notifications` (
  `id` int(11) NOT NULL,
  `user_id` int(11) NOT NULL,
  `type` varchar(50) NOT NULL,
  `message` text NOT NULL,
  `details` text DEFAULT NULL,
  `created_at` datetime DEFAULT current_timestamp(),
  `is_read` tinyint(1) DEFAULT 0
) ENGINE=InnoDB DEFAULT CHARSET=utf8mb4 COLLATE=utf8mb4_general_ci;

--
-- Dumping data for table `notifications`
--

INSERT INTO `notifications` (`id`, `user_id`, `type`, `message`, `details`, `created_at`, `is_read`) VALUES
(1, 39, 'success', 'You registered for an event', 'Event ID: 16', '2025-12-09 01:54:23', 1),
(2, 23, 'info', 'just checking guya', 'hahahha', '2025-12-09 01:55:11', 0),
(3, 24, 'info', 'just checking guya', 'hahahha', '2025-12-09 01:55:11', 0),
(4, 25, 'info', 'just checking guya', 'hahahha', '2025-12-09 01:55:11', 0),
(5, 26, 'info', 'just checking guya', 'hahahha', '2025-12-09 01:55:11', 0),
(6, 27, 'info', 'just checking guya', 'hahahha', '2025-12-09 01:55:11', 0),
(7, 38, 'info', 'just checking guya', 'hahahha', '2025-12-09 01:55:11', 0),
(8, 39, 'info', 'just checking guya', 'hahahha', '2025-12-09 01:55:11', 1),
(9, 23, 'info', 'www', 'sss', '2025-12-09 01:59:48', 0),
(10, 24, 'info', 'www', 'sss', '2025-12-09 01:59:48', 0),
(11, 25, 'info', 'www', 'sss', '2025-12-09 01:59:48', 0),
(12, 26, 'info', 'www', 'sss', '2025-12-09 01:59:48', 0),
(13, 27, 'info', 'www', 'sss', '2025-12-09 01:59:48', 0),
(14, 38, 'info', 'www', 'sss', '2025-12-09 01:59:48', 0),
(15, 39, 'info', 'www', 'sss', '2025-12-09 01:59:48', 1),
(16, 23, 'info', 'rererfdfdf', 'dfdfd', '2025-12-09 02:14:44', 0),
(17, 24, 'info', 'rererfdfdf', 'dfdfd', '2025-12-09 02:14:44', 0),
(18, 25, 'info', 'rererfdfdf', 'dfdfd', '2025-12-09 02:14:44', 0),
(19, 26, 'info', 'rererfdfdf', 'dfdfd', '2025-12-09 02:14:44', 0),
(20, 27, 'info', 'rererfdfdf', 'dfdfd', '2025-12-09 02:14:44', 0),
(21, 38, 'info', 'rererfdfdf', 'dfdfd', '2025-12-09 02:14:44', 0),
(22, 39, 'info', 'rererfdfdf', 'dfdfd', '2025-12-09 02:14:44', 1);

-- --------------------------------------------------------

--
-- Table structure for table `qrtokens`
--

CREATE TABLE `qrtokens` (
  `token_id` int(11) NOT NULL,
  `event_id` int(11) NOT NULL,
  `secret_token` varchar(255) NOT NULL,
  `expires_at` datetime NOT NULL
) ENGINE=InnoDB DEFAULT CHARSET=utf8mb4 COLLATE=utf8mb4_general_ci;

-- --------------------------------------------------------

--
-- Table structure for table `users`
--

CREATE TABLE `users` (
  `user_id` int(11) NOT NULL,
  `student_id` varchar(20) DEFAULT NULL,
  `email` varchar(100) NOT NULL,
  `password_hash` varchar(255) NOT NULL,
  `full_name` varchar(150) NOT NULL,
  `role` enum('student','admin') NOT NULL DEFAULT 'student',
  `department` varchar(100) DEFAULT NULL,
  `college` varchar(100) DEFAULT NULL,
  `created_at` datetime DEFAULT current_timestamp()
) ENGINE=InnoDB DEFAULT CHARSET=utf8mb4 COLLATE=utf8mb4_general_ci;

--
-- Dumping data for table `users`
--

INSERT INTO `users` (`user_id`, `student_id`, `email`, `password_hash`, `full_name`, `role`, `department`, `college`, `created_at`) VALUES
(19, NULL, 'admin@ptc.edu', '$2b$10$9s6T8zFfA0S0w2Y5K4V7I.0h0VqB8aJm3c6E4l7M1d2N4q6R2o8S', 'Admin User', 'admin', NULL, NULL, '2025-11-23 23:00:03'),
(20, 'ADM001', 'realadmin@ptc.edu', '$2b$10$w2mpBdVhLWM.KzyDo72pu.R8OLxhSJRetKbH2NXsg4cof8TkF6H1G', 'New Admin Account', 'admin', NULL, NULL, '2025-11-23 23:45:58'),
(22, 'ADM002', 'useradmin@ptc.edu', '$2b$10$crISr.q4gEHB7dIaxInraeV7hW8KgBJFGb/MR.oVQyT00nDjy.kr.', 'Admin Test 2', 'admin', NULL, NULL, '2025-11-24 16:34:46'),
(23, '1212', 'justine@gmail.com', '$2b$10$qayLYvdmmhy0yHxGsZf6numMM3mxykCJAadZeBARNtW39GN5L8R5K', 'Justine Bebir', 'student', 'it depart', 'ptc', '2025-12-01 21:33:15'),
(24, '2020-2021', 'ppascual@gmail.com', '$2b$10$ptrBTnAzBM86k7I1DTKj.u3pjlSC6QTotRgPATAoZPp/dttiLA47m', 'Piolo Pascual', 'student', 'IT Department', NULL, '2025-12-06 23:33:51'),
(25, '2020-2022', 'jcruz@gmail.com', '$2b$10$HcRqq4dMZ5Sf4UQAS4z/xu/K6Z13Fh0NssF9IZ8cagsksbchKFUO.', 'John Cruz', 'student', 'IT Department', NULL, '2025-12-07 17:41:04'),
(26, '2020-2023', 'mrivera@gmail.com', '$2b$10$c9FlPdDfSThTShgE/hm4yOsJu3znrtZ1xAwbwnZWXI9Ps4Kw2HOIO', 'Marian Rivera', 'student', 'it department', NULL, '2025-12-07 17:42:36'),
(27, '2020-2024', 'eandrew@gmail.com', '$2b$10$rKHgMkB5CYp/m25.I1kAceSS65QYU98I.MhRw.5BdM1bERL1hKiWG', 'Ansrew E', 'student', 'IT Depart', NULL, '2025-12-07 21:56:45'),
(38, '22000', 'reicabenito26@gmail.com', '$2b$10$ekYoa4mpiYiTJOx0Zxi31ulWKfU1WkdCtTr8aDYAPXtQFpsQ5wEAG', 'reiiii rolan', 'student', 'IT Deartment', NULL, '2025-12-08 12:30:34'),
(39, '0988', 'benitoreica@gmail.com', '$2b$10$zh.LIgLz7lHNOpBfdGurLu9ubAnaJYxUNfqAEIQFf/AOSr4ObmJSa', 'Reica Benito', 'student', 'IT Deartment', NULL, '2025-12-08 14:19:52');

--
-- Indexes for dumped tables
--

--
-- Indexes for table `announcements`
--
ALTER TABLE `announcements`
  ADD PRIMARY KEY (`announcement_id`);

--
-- Indexes for table `attendance`
--
ALTER TABLE `attendance`
  ADD PRIMARY KEY (`attendance_id`),
  ADD UNIQUE KEY `unique_attendance` (`event_id`,`user_id`),
  ADD KEY `user_id` (`user_id`);

--
-- Indexes for table `events`
--
ALTER TABLE `events`
  ADD PRIMARY KEY (`event_id`);

--
-- Indexes for table `notifications`
--
ALTER TABLE `notifications`
  ADD PRIMARY KEY (`id`);

--
-- Indexes for table `qrtokens`
--
ALTER TABLE `qrtokens`
  ADD PRIMARY KEY (`token_id`),
  ADD UNIQUE KEY `event_id` (`event_id`);

--
-- Indexes for table `users`
--
ALTER TABLE `users`
  ADD PRIMARY KEY (`user_id`),
  ADD UNIQUE KEY `email` (`email`),
  ADD UNIQUE KEY `student_id` (`student_id`);

--
-- AUTO_INCREMENT for dumped tables
--

--
-- AUTO_INCREMENT for table `announcements`
--
ALTER TABLE `announcements`
  MODIFY `announcement_id` int(11) NOT NULL AUTO_INCREMENT, AUTO_INCREMENT=30;

--
-- AUTO_INCREMENT for table `attendance`
--
ALTER TABLE `attendance`
  MODIFY `attendance_id` int(11) NOT NULL AUTO_INCREMENT, AUTO_INCREMENT=11;

--
-- AUTO_INCREMENT for table `events`
--
ALTER TABLE `events`
  MODIFY `event_id` int(11) NOT NULL AUTO_INCREMENT, AUTO_INCREMENT=22;

--
-- AUTO_INCREMENT for table `notifications`
--
ALTER TABLE `notifications`
  MODIFY `id` int(11) NOT NULL AUTO_INCREMENT, AUTO_INCREMENT=23;

--
-- AUTO_INCREMENT for table `qrtokens`
--
ALTER TABLE `qrtokens`
  MODIFY `token_id` int(11) NOT NULL AUTO_INCREMENT, AUTO_INCREMENT=5;

--
-- AUTO_INCREMENT for table `users`
--
ALTER TABLE `users`
  MODIFY `user_id` int(11) NOT NULL AUTO_INCREMENT, AUTO_INCREMENT=42;

--
-- Constraints for dumped tables
--

--
-- Constraints for table `attendance`
--
ALTER TABLE `attendance`
  ADD CONSTRAINT `attendance_ibfk_1` FOREIGN KEY (`event_id`) REFERENCES `events` (`event_id`),
  ADD CONSTRAINT `attendance_ibfk_2` FOREIGN KEY (`user_id`) REFERENCES `users` (`user_id`),
  ADD CONSTRAINT `fk_attendance_event` FOREIGN KEY (`event_id`) REFERENCES `events` (`event_id`) ON DELETE CASCADE,
  ADD CONSTRAINT `fk_attendance_user` FOREIGN KEY (`user_id`) REFERENCES `users` (`user_id`) ON DELETE CASCADE;

--
-- Constraints for table `qrtokens`
--
ALTER TABLE `qrtokens`
  ADD CONSTRAINT `qrtokens_ibfk_1` FOREIGN KEY (`event_id`) REFERENCES `events` (`event_id`);
COMMIT;

/*!40101 SET CHARACTER_SET_CLIENT=@OLD_CHARACTER_SET_CLIENT */;
/*!40101 SET CHARACTER_SET_RESULTS=@OLD_CHARACTER_SET_RESULTS */;
/*!40101 SET COLLATION_CONNECTION=@OLD_COLLATION_CONNECTION */;
